-- MySQL dump 10.16  Distrib 10.1.37-MariaDB, for debian-linux-gnueabihf (armv8l)
--
-- Host: localhost    Database: db_project
-- ------------------------------------------------------
-- Server version	10.1.37-MariaDB-0+deb9u1

/*!40101 SET @OLD_CHARACTER_SET_CLIENT=@@CHARACTER_SET_CLIENT */;
/*!40101 SET @OLD_CHARACTER_SET_RESULTS=@@CHARACTER_SET_RESULTS */;
/*!40101 SET @OLD_COLLATION_CONNECTION=@@COLLATION_CONNECTION */;
/*!40101 SET NAMES utf8mb4 */;
/*!40103 SET @OLD_TIME_ZONE=@@TIME_ZONE */;
/*!40103 SET TIME_ZONE='+00:00' */;
/*!40014 SET @OLD_UNIQUE_CHECKS=@@UNIQUE_CHECKS, UNIQUE_CHECKS=0 */;
/*!40014 SET @OLD_FOREIGN_KEY_CHECKS=@@FOREIGN_KEY_CHECKS, FOREIGN_KEY_CHECKS=0 */;
/*!40101 SET @OLD_SQL_MODE=@@SQL_MODE, SQL_MODE='NO_AUTO_VALUE_ON_ZERO' */;
/*!40111 SET @OLD_SQL_NOTES=@@SQL_NOTES, SQL_NOTES=0 */;

--
-- Table structure for table `tb_categories`
--

DROP TABLE IF EXISTS `tb_categories`;
/*!40101 SET @saved_cs_client     = @@character_set_client */;
/*!40101 SET character_set_client = utf8 */;
CREATE TABLE `tb_categories` (
  `Name` varchar(33) NOT NULL,
  `Description` varchar(321) DEFAULT NULL,
  PRIMARY KEY (`Name`)
) ENGINE=InnoDB DEFAULT CHARSET=utf8;
/*!40101 SET character_set_client = @saved_cs_client */;

--
-- Dumping data for table `tb_categories`
--

LOCK TABLES `tb_categories` WRITE;
/*!40000 ALTER TABLE `tb_categories` DISABLE KEYS */;
INSERT INTO `tb_categories` VALUES ('Gebak','Hier komen de gebakjes'),('Test','Dit is een testveld');
/*!40000 ALTER TABLE `tb_categories` ENABLE KEYS */;
UNLOCK TABLES;

--
-- Table structure for table `tb_categories_has_tb_dishes`
--

DROP TABLE IF EXISTS `tb_categories_has_tb_dishes`;
/*!40101 SET @saved_cs_client     = @@character_set_client */;
/*!40101 SET character_set_client = utf8 */;
CREATE TABLE `tb_categories_has_tb_dishes` (
  `tb_Categories_Name` varchar(33) NOT NULL,
  `tb_Dishes_Name` varchar(33) NOT NULL,
  PRIMARY KEY (`tb_Dishes_Name`,`tb_Categories_Name`),
  KEY `fk_tb_Categorieen_has_tb_Gerechten_tb_Gerechten1_idx` (`tb_Dishes_Name`),
  KEY `fk_tb_Categorieen_has_tb_Gerechten_tb_Categorieen1_idx` (`tb_Categories_Name`),
  CONSTRAINT `fk_tb_Categorieen_has_tb_Gerechten_tb_Categorieen1` FOREIGN KEY (`tb_Categories_Name`) REFERENCES `tb_categories` (`Name`),
  CONSTRAINT `fk_tb_Categorieen_has_tb_Gerechten_tb_Gerechten1` FOREIGN KEY (`tb_Dishes_Name`) REFERENCES `tb_dishes` (`Name`)
) ENGINE=InnoDB DEFAULT CHARSET=utf8;
/*!40101 SET character_set_client = @saved_cs_client */;

--
-- Dumping data for table `tb_categories_has_tb_dishes`
--

LOCK TABLES `tb_categories_has_tb_dishes` WRITE;
/*!40000 ALTER TABLE `tb_categories_has_tb_dishes` DISABLE KEYS */;
INSERT INTO `tb_categories_has_tb_dishes` VALUES ('Gebak','Taart');
/*!40000 ALTER TABLE `tb_categories_has_tb_dishes` ENABLE KEYS */;
UNLOCK TABLES;

--
-- Table structure for table `tb_dishes`
--

DROP TABLE IF EXISTS `tb_dishes`;
/*!40101 SET @saved_cs_client     = @@character_set_client */;
/*!40101 SET character_set_client = utf8 */;
CREATE TABLE `tb_dishes` (
  `Name` varchar(33) NOT NULL,
  `Temperature` decimal(10,0) DEFAULT NULL,
  PRIMARY KEY (`Name`),
  KEY `i_temperature` (`Temperature`)
) ENGINE=InnoDB DEFAULT CHARSET=utf8;
/*!40101 SET character_set_client = @saved_cs_client */;

--
-- Dumping data for table `tb_dishes`
--

LOCK TABLES `tb_dishes` WRITE;
/*!40000 ALTER TABLE `tb_dishes` DISABLE KEYS */;
INSERT INTO `tb_dishes` VALUES ('Taart',19);
/*!40000 ALTER TABLE `tb_dishes` ENABLE KEYS */;
UNLOCK TABLES;

--
-- Table structure for table `tb_language`
--

DROP TABLE IF EXISTS `tb_language`;
/*!40101 SET @saved_cs_client     = @@character_set_client */;
/*!40101 SET character_set_client = utf8 */;
CREATE TABLE `tb_language` (
  `Language` char(2) NOT NULL,
  `Full` varchar(91) DEFAULT NULL,
  PRIMARY KEY (`Language`)
) ENGINE=InnoDB DEFAULT CHARSET=utf8;
/*!40101 SET character_set_client = @saved_cs_client */;

--
-- Dumping data for table `tb_language`
--

LOCK TABLES `tb_language` WRITE;
/*!40000 ALTER TABLE `tb_language` DISABLE KEYS */;
INSERT INTO `tb_language` VALUES ('en','English'),('fr','Français'),('nl','Nederlands');
/*!40000 ALTER TABLE `tb_language` ENABLE KEYS */;
UNLOCK TABLES;

--
-- Table structure for table `tb_plates`
--

DROP TABLE IF EXISTS `tb_plates`;
/*!40101 SET @saved_cs_client     = @@character_set_client */;
/*!40101 SET character_set_client = utf8 */;
CREATE TABLE `tb_plates` (
  `ID` int(11) NOT NULL,
  `IP_V4` varchar(15) DEFAULT NULL,
  `IP_V6` varchar(41) DEFAULT NULL,
  PRIMARY KEY (`ID`)
) ENGINE=InnoDB DEFAULT CHARSET=utf8;
/*!40101 SET character_set_client = @saved_cs_client */;

--
-- Dumping data for table `tb_plates`
--

LOCK TABLES `tb_plates` WRITE;
/*!40000 ALTER TABLE `tb_plates` DISABLE KEYS */;
INSERT INTO `tb_plates` VALUES (1,'94.123.13',NULL),(2,NULL,'2a02:1811:3c06:4100:29a4:ee32:67d7:da64');
/*!40000 ALTER TABLE `tb_plates` ENABLE KEYS */;
UNLOCK TABLES;

--
-- Table structure for table `tb_plates_has_tb_users`
--

DROP TABLE IF EXISTS `tb_plates_has_tb_users`;
/*!40101 SET @saved_cs_client     = @@character_set_client */;
/*!40101 SET character_set_client = utf8 */;
CREATE TABLE `tb_plates_has_tb_users` (
  `ID` int(11) NOT NULL AUTO_INCREMENT,
  `tb_Plates_ID` int(11) NOT NULL,
  `tb_Users_ID` int(11) NOT NULL,
  `DateTime` timestamp NULL DEFAULT CURRENT_TIMESTAMP,
  `DesiredTemperature` decimal(10,0) DEFAULT NULL,
  `tb_Dishes_Name` varchar(33) DEFAULT NULL,
  PRIMARY KEY (`ID`),
  KEY `fk_tb_Borden_has_tb_Users_tb_Users1_idx` (`tb_Users_ID`),
  KEY `fk_tb_Borden_has_tb_Users_tb_Borden1_idx` (`tb_Plates_ID`),
  KEY `fk_tb_Borden_has_tb_Users_tb_Gerechten1_idx` (`tb_Dishes_Name`),
  CONSTRAINT `fk_tb_Borden_has_tb_Users_tb_Borden1` FOREIGN KEY (`tb_Plates_ID`) REFERENCES `tb_plates` (`ID`),
  CONSTRAINT `fk_tb_Borden_has_tb_Users_tb_Gerechten1` FOREIGN KEY (`tb_Dishes_Name`) REFERENCES `tb_dishes` (`Name`),
  CONSTRAINT `fk_tb_Borden_has_tb_Users_tb_Users1` FOREIGN KEY (`tb_Users_ID`) REFERENCES `tb_users` (`ID`)
) ENGINE=InnoDB AUTO_INCREMENT=249 DEFAULT CHARSET=utf8;
/*!40101 SET character_set_client = @saved_cs_client */;

--
-- Dumping data for table `tb_plates_has_tb_users`
--

LOCK TABLES `tb_plates_has_tb_users` WRITE;
/*!40000 ALTER TABLE `tb_plates_has_tb_users` DISABLE KEYS */;
INSERT INTO `tb_plates_has_tb_users` VALUES (1,1,2,'2019-05-29 11:23:43',41,'Taart'),(3,1,58,'2019-06-05 08:11:18',13,NULL),(4,1,58,'2019-06-05 08:12:12',13,NULL),(5,1,58,'2019-06-05 08:16:03',13,NULL),(6,1,58,'2019-06-05 08:19:19',13,NULL),(7,1,58,'2019-06-05 08:31:07',13,NULL),(8,1,58,'2019-06-05 08:33:32',13,NULL),(9,1,58,'2019-06-05 08:42:22',13,NULL),(10,1,58,'2019-06-05 09:06:49',13,NULL),(11,1,58,'2019-06-05 09:13:40',13,NULL),(12,1,58,'2019-06-05 09:23:37',13,NULL),(13,1,58,'2019-06-05 09:24:46',13,NULL),(14,1,58,'2019-06-05 09:25:33',13,NULL),(15,1,58,'2019-06-05 14:57:16',13,NULL),(16,1,58,'2019-06-05 15:08:38',13,NULL),(17,1,58,'2019-06-05 15:10:27',13,NULL),(18,1,58,'2019-06-05 15:18:06',13,NULL),(19,1,58,'2019-06-05 15:22:03',13,NULL),(20,1,58,'2019-06-05 15:29:30',13,NULL),(21,1,58,'2019-06-05 15:34:10',13,NULL),(22,1,58,'2019-06-05 15:34:56',13,NULL),(23,1,58,'2019-06-05 15:48:18',13,NULL),(24,1,58,'2019-06-05 15:49:21',13,NULL),(25,1,58,'2019-06-06 06:59:49',13,NULL),(26,1,58,'2019-06-06 07:00:04',13,NULL),(27,1,58,'2019-06-06 08:11:35',3,NULL),(28,1,58,'2019-06-06 08:11:37',3,NULL),(29,1,58,'2019-06-06 08:32:34',13,NULL),(30,1,58,'2019-06-06 09:53:46',13,NULL),(31,1,58,'2019-06-06 09:55:09',13,NULL),(32,1,58,'2019-06-06 14:31:02',13,NULL),(33,1,58,'2019-06-06 14:33:10',13,NULL),(34,1,58,'2019-06-06 14:33:50',13,NULL),(35,1,58,'2019-06-06 14:34:48',13,NULL),(36,1,58,'2019-06-06 14:35:38',13,NULL),(37,1,58,'2019-06-08 07:45:25',31,NULL),(38,1,58,'2019-06-08 07:46:03',31,NULL),(39,1,58,'2019-06-08 07:47:30',31,NULL),(40,1,58,'2019-06-08 07:47:53',31,NULL),(41,1,58,'2019-06-08 07:48:53',1,NULL),(42,1,58,'2019-06-08 07:51:26',31,NULL),(43,1,58,'2019-06-08 07:55:07',31,NULL),(44,1,58,'2019-06-08 07:55:40',31,NULL),(45,1,58,'2019-06-08 07:57:16',31,NULL),(46,1,58,'2019-06-08 08:04:50',31,NULL),(47,1,58,'2019-06-08 08:06:40',31,NULL),(48,1,58,'2019-06-08 08:07:33',31,NULL),(49,1,58,'2019-06-08 08:15:04',31,NULL),(50,1,58,'2019-06-08 08:30:34',31,NULL),(51,1,58,'2019-06-08 08:39:12',31,NULL),(52,1,58,'2019-06-08 08:41:10',31,NULL),(53,1,58,'2019-06-08 09:09:12',31,NULL),(54,1,58,'2019-06-08 09:12:39',31,NULL),(55,1,58,'2019-06-08 09:14:35',31,NULL),(56,1,58,'2019-06-08 09:16:13',31,NULL),(57,1,58,'2019-06-08 09:18:54',31,NULL),(58,1,58,'2019-06-08 09:20:12',31,NULL),(59,1,58,'2019-06-08 09:23:57',31,NULL),(60,1,58,'2019-06-08 09:26:04',31,NULL),(61,1,58,'2019-06-08 09:27:23',31,NULL),(62,1,58,'2019-06-08 09:27:54',31,NULL),(63,1,58,'2019-06-08 09:32:17',31,NULL),(64,1,58,'2019-06-08 09:36:05',31,NULL),(65,1,58,'2019-06-08 09:38:30',31,NULL),(66,1,58,'2019-06-08 09:42:29',31,NULL),(67,1,58,'2019-06-08 09:44:27',31,NULL),(68,1,58,'2019-06-08 09:45:27',31,NULL),(69,1,58,'2019-06-08 10:00:15',31,NULL),(70,1,58,'2019-06-08 10:01:31',31,NULL),(71,1,58,'2019-06-08 10:05:03',31,NULL),(72,1,58,'2019-06-08 10:05:51',31,NULL),(73,1,58,'2019-06-08 12:24:45',13,NULL),(74,1,58,'2019-06-08 12:26:30',13,NULL),(75,1,58,'2019-06-08 12:29:04',13,NULL),(76,1,58,'2019-06-08 12:30:16',13,NULL),(77,1,58,'2019-06-08 12:32:33',31,NULL),(78,1,58,'2019-06-08 12:39:10',31,NULL),(79,1,58,'2019-06-08 12:43:32',31,NULL),(80,1,58,'2019-06-08 12:50:31',31,NULL),(81,1,58,'2019-06-08 13:02:06',31,NULL),(82,1,58,'2019-06-08 13:02:13',31,NULL),(83,1,58,'2019-06-08 13:02:40',31,NULL),(84,1,58,'2019-06-08 13:04:39',31,NULL),(85,1,58,'2019-06-08 13:05:25',31,NULL),(86,1,58,'2019-06-08 13:10:05',31,NULL),(87,1,58,'2019-06-08 13:12:12',31,NULL),(88,1,58,'2019-06-08 13:16:29',31,NULL),(89,1,58,'2019-06-08 13:17:32',31,NULL),(90,1,58,'2019-06-08 13:28:55',31,NULL),(91,1,58,'2019-06-08 13:31:28',31,NULL),(92,1,58,'2019-06-08 13:35:34',31,NULL),(93,1,58,'2019-06-08 14:50:54',13,NULL),(94,1,58,'2019-06-08 15:22:00',31,NULL),(95,1,58,'2019-06-08 15:24:56',31,NULL),(96,1,58,'2019-06-08 15:26:47',31,NULL),(97,1,58,'2019-06-08 15:59:48',31,NULL),(98,1,58,'2019-06-08 16:02:22',31,NULL),(99,1,58,'2019-06-08 16:03:39',31,NULL),(100,1,58,'2019-06-08 16:04:56',31,NULL),(101,1,58,'2019-06-08 16:05:56',31,NULL),(102,1,58,'2019-06-08 16:43:05',31,NULL),(103,1,58,'2019-06-08 16:45:34',31,NULL),(104,1,58,'2019-06-08 17:00:48',31,NULL),(105,1,58,'2019-06-08 17:05:54',31,NULL),(106,1,58,'2019-06-08 17:19:01',31,NULL),(107,1,58,'2019-06-08 17:22:32',31,NULL),(108,1,58,'2019-06-08 17:26:34',31,NULL),(109,1,58,'2019-06-08 17:29:37',31,NULL),(110,1,58,'2019-06-08 17:30:26',31,NULL),(111,1,58,'2019-06-08 17:48:29',31,NULL),(112,1,58,'2019-06-08 17:49:33',31,NULL),(113,1,58,'2019-06-08 17:51:07',31,NULL),(114,1,58,'2019-06-08 17:52:30',31,NULL),(115,1,58,'2019-06-08 17:54:01',31,NULL),(116,1,58,'2019-06-08 17:55:28',31,NULL),(117,1,58,'2019-06-08 17:58:05',31,NULL),(118,1,58,'2019-06-08 18:00:41',31,NULL),(119,1,58,'2019-06-08 18:02:36',31,NULL),(120,1,58,'2019-06-08 18:19:20',31,NULL),(121,1,58,'2019-06-08 18:22:35',31,NULL),(122,1,58,'2019-06-08 18:32:29',31,NULL),(123,1,58,'2019-06-09 12:40:27',31,NULL),(124,1,58,'2019-06-09 12:41:00',31,NULL),(125,1,58,'2019-06-09 12:46:17',31,NULL),(126,1,58,'2019-06-09 12:46:37',31,NULL),(127,1,58,'2019-06-09 12:56:28',31,NULL),(128,1,58,'2019-06-09 12:56:58',31,NULL),(129,1,58,'2019-06-09 12:59:42',31,NULL),(130,1,58,'2019-06-09 17:34:51',31,NULL),(131,1,58,'2019-06-09 17:44:31',31,NULL),(132,1,58,'2019-06-09 17:46:57',41,NULL),(133,1,58,'2019-06-09 17:48:34',31,NULL),(134,1,58,'2019-06-09 18:26:10',31,NULL),(135,1,58,'2019-06-09 18:33:52',31,NULL),(136,1,58,'2019-06-09 18:35:00',31,NULL),(137,1,58,'2019-06-09 18:36:28',31,NULL),(138,1,58,'2019-06-09 18:37:15',31,NULL),(139,1,58,'2019-06-09 18:38:19',31,NULL),(140,1,58,'2019-06-09 18:42:10',31,NULL),(141,1,58,'2019-06-09 18:43:50',41,NULL),(142,1,58,'2019-06-09 18:48:21',31,NULL),(143,1,58,'2019-06-09 18:52:14',31,NULL),(144,1,58,'2019-06-09 18:57:36',31,NULL),(145,1,58,'2019-06-09 18:58:09',31,NULL),(146,1,58,'2019-06-09 19:01:35',31,NULL),(147,1,58,'2019-06-09 19:06:19',31,NULL),(148,1,58,'2019-06-09 19:07:53',41,NULL),(149,1,58,'2019-06-09 19:16:47',31,NULL),(150,1,58,'2019-06-10 12:42:51',31,NULL),(151,1,58,'2019-06-10 12:44:59',41,NULL),(152,1,58,'2019-06-11 08:08:29',31,NULL),(153,1,58,'2019-06-11 08:23:40',31,NULL),(154,1,58,'2019-06-11 09:31:51',31,NULL),(155,1,58,'2019-06-11 09:42:26',31,NULL),(156,1,58,'2019-06-11 11:58:46',31,NULL),(157,1,58,'2019-06-11 12:31:32',31,NULL),(158,1,58,'2019-06-11 12:43:23',21,NULL),(159,1,58,'2019-06-11 17:58:02',31,NULL),(160,1,58,'2019-06-11 18:05:55',41,NULL),(161,1,58,'2019-06-11 18:09:53',31,NULL),(162,1,58,'2019-06-11 18:13:06',31,NULL),(163,1,58,'2019-06-11 18:18:24',31,NULL),(164,1,58,'2019-06-11 18:20:32',31,NULL),(165,1,58,'2019-06-11 18:20:44',31,NULL),(166,1,58,'2019-06-11 18:21:57',31,NULL),(167,1,58,'2019-06-12 08:09:56',31,NULL),(168,1,58,'2019-06-12 12:08:53',31,NULL),(169,1,58,'2019-06-12 12:48:38',31,NULL),(170,1,58,'2019-06-12 13:01:51',31,NULL),(171,1,58,'2019-06-12 13:24:41',31,NULL),(172,1,58,'2019-06-12 13:25:15',31,NULL),(173,1,58,'2019-06-12 13:25:34',31,NULL),(174,1,58,'2019-06-12 13:25:53',31,NULL),(175,1,58,'2019-06-12 13:27:12',21,NULL),(176,1,58,'2019-06-12 13:28:56',21,NULL),(177,1,58,'2019-06-12 13:35:53',21,NULL),(178,1,58,'2019-06-12 13:38:17',41,NULL),(179,1,58,'2019-06-12 18:19:03',31,NULL),(180,1,58,'2019-06-13 06:41:40',31,NULL),(181,1,58,'2019-06-13 06:43:15',31,NULL),(182,1,58,'2019-06-13 06:46:34',31,NULL),(183,1,58,'2019-06-13 06:55:29',31,NULL),(184,1,58,'2019-06-13 07:05:24',41,NULL),(185,1,58,'2019-06-13 07:11:03',31,NULL),(186,1,58,'2019-06-13 07:36:13',31,NULL),(187,1,58,'2019-06-13 07:37:29',31,NULL),(188,1,58,'2019-06-13 07:45:41',31,NULL),(189,1,58,'2019-06-13 07:46:53',31,NULL),(190,1,58,'2019-06-13 08:26:01',31,NULL),(191,1,58,'2019-06-13 08:28:20',31,NULL),(192,1,58,'2019-06-13 08:28:56',31,NULL),(193,1,58,'2019-06-13 08:30:45',31,NULL),(194,1,58,'2019-06-13 08:33:17',31,NULL),(195,1,58,'2019-06-13 08:35:45',31,NULL),(196,1,58,'2019-06-13 08:38:10',31,NULL),(197,1,58,'2019-06-13 08:51:56',31,NULL),(198,1,58,'2019-06-13 08:55:34',31,NULL),(199,1,58,'2019-06-13 08:57:29',31,NULL),(200,1,58,'2019-06-13 09:00:46',31,NULL),(201,1,58,'2019-06-13 09:05:46',31,NULL),(202,1,58,'2019-06-13 09:19:44',31,NULL),(203,1,58,'2019-06-13 09:27:24',31,NULL),(204,1,58,'2019-06-13 09:46:06',31,NULL),(205,1,58,'2019-06-13 10:00:47',31,NULL),(206,1,58,'2019-06-13 10:05:36',31,NULL),(207,1,58,'2019-06-13 10:18:56',31,NULL),(208,1,58,'2019-06-13 10:23:48',31,NULL),(209,1,58,'2019-06-13 16:37:34',41,NULL),(210,1,58,'2019-06-13 17:19:25',31,NULL),(211,1,58,'2019-06-14 07:00:36',31,NULL),(212,1,58,'2019-06-14 07:02:03',31,NULL),(213,1,58,'2019-06-14 07:02:56',31,NULL),(214,1,58,'2019-06-14 07:03:33',31,NULL),(215,1,58,'2019-06-14 15:01:58',41,NULL),(216,1,58,'2019-06-14 19:42:03',31,NULL),(217,1,58,'2019-06-14 19:43:14',31,NULL),(218,1,58,'2019-06-14 19:47:03',31,NULL),(219,1,58,'2019-06-14 20:00:32',31,NULL),(220,1,58,'2019-06-15 10:14:56',31,NULL),(221,1,58,'2019-06-15 10:20:36',31,NULL),(222,1,58,'2019-06-15 10:21:14',31,NULL),(223,1,58,'2019-06-15 11:50:48',31,NULL),(224,1,58,'2019-06-15 11:52:33',31,NULL),(225,1,58,'2019-06-15 11:54:00',31,NULL),(226,1,58,'2019-06-15 12:15:13',31,NULL),(227,1,58,'2019-06-15 12:26:04',31,NULL),(228,1,58,'2019-06-16 08:43:10',41,NULL),(229,1,58,'2019-06-16 08:50:00',35,NULL),(230,1,58,'2019-06-16 09:31:01',31,NULL),(231,1,58,'2019-06-16 09:36:20',31,NULL),(232,1,58,'2019-06-16 09:38:24',31,NULL),(233,1,58,'2019-06-16 09:40:14',31,NULL),(234,1,58,'2019-06-16 09:44:13',31,NULL),(235,1,58,'2019-06-16 09:55:40',31,NULL),(236,1,58,'2019-06-16 10:07:06',31,NULL),(237,1,58,'2019-06-16 10:27:28',31,NULL),(238,1,58,'2019-06-16 12:57:17',31,NULL),(239,1,58,'2019-06-16 14:04:46',63,NULL),(240,1,58,'2019-06-16 14:15:31',31,NULL),(241,1,58,'2019-06-16 14:17:37',31,NULL),(242,1,58,'2019-06-16 14:27:00',31,NULL),(243,1,58,'2019-06-16 14:30:21',31,NULL),(244,1,58,'2019-06-16 16:47:14',31,NULL),(245,1,58,'2019-06-16 16:49:16',31,NULL),(246,1,58,'2019-06-16 16:51:39',31,NULL),(247,1,58,'2019-06-16 16:55:55',31,NULL),(248,1,58,'2019-06-16 16:57:37',31,NULL);
/*!40000 ALTER TABLE `tb_plates_has_tb_users` ENABLE KEYS */;
UNLOCK TABLES;

--
-- Table structure for table `tb_registration_sensors`
--

DROP TABLE IF EXISTS `tb_registration_sensors`;
/*!40101 SET @saved_cs_client     = @@character_set_client */;
/*!40101 SET character_set_client = utf8 */;
CREATE TABLE `tb_registration_sensors` (
  `tb_Plates_has_tb_Users_ID` int(11) DEFAULT NULL,
  `Time` timestamp NULL DEFAULT CURRENT_TIMESTAMP,
  `tb_Sensors_ID` int(11) NOT NULL,
  `Input` float DEFAULT NULL,
  KEY `fk_tb_Registration_Sensors_tb_Plates_has_tb_Users1_idx` (`tb_Plates_has_tb_Users_ID`),
  KEY `fk_tb_Registration_Sensors_tb_Sensors1_idx` (`tb_Sensors_ID`),
  CONSTRAINT `fk_tb_Registration_Sensors_tb_Plates_has_tb_Users1` FOREIGN KEY (`tb_Plates_has_tb_Users_ID`) REFERENCES `tb_plates_has_tb_users` (`ID`),
  CONSTRAINT `fk_tb_Registration_Sensors_tb_Sensors1` FOREIGN KEY (`tb_Sensors_ID`) REFERENCES `tb_sensors` (`ID`)
) ENGINE=InnoDB DEFAULT CHARSET=utf8;
/*!40101 SET character_set_client = @saved_cs_client */;

--
-- Dumping data for table `tb_registration_sensors`
--

LOCK TABLES `tb_registration_sensors` WRITE;
/*!40000 ALTER TABLE `tb_registration_sensors` DISABLE KEYS */;
INSERT INTO `tb_registration_sensors` VALUES (227,'2019-06-15 12:26:05',8,838.85),(227,'2019-06-15 12:26:07',2,-67),(227,'2019-06-15 12:26:11',3,-19),(227,'2019-06-15 12:26:11',4,24),(227,'2019-06-15 12:26:11',5,-1732),(227,'2019-06-15 12:26:11',6,320),(227,'2019-06-15 12:26:11',7,17284),(227,'2019-06-15 12:26:11',1,22.9997),(227,'2019-06-15 12:26:11',2,-66),(227,'2019-06-15 12:26:11',3,-24),(227,'2019-06-15 12:26:11',4,22),(227,'2019-06-15 12:26:11',5,-1676),(227,'2019-06-15 12:26:11',6,100),(227,'2019-06-15 12:26:11',7,17488),(227,'2019-06-15 12:26:14',1,24.3587),(227,'2019-06-15 12:26:14',2,-64),(227,'2019-06-15 12:26:16',3,-18),(227,'2019-06-15 12:26:16',4,26),(227,'2019-06-15 12:26:16',5,-1724),(227,'2019-06-15 12:26:16',6,64),(227,'2019-06-15 12:26:16',7,17164),(227,'2019-06-15 12:26:19',1,22.9997),(227,'2019-06-15 12:26:20',2,-66),(227,'2019-06-15 12:26:21',3,-22),(227,'2019-06-15 12:26:25',4,21),(227,'2019-06-15 12:26:25',5,-1704),(227,'2019-06-15 12:26:25',6,236),(227,'2019-06-15 12:26:25',7,17324),(227,'2019-06-15 12:26:28',1,85.1706),(227,'2019-06-15 12:26:32',2,-68),(227,'2019-06-15 12:26:34',3,-23),(227,'2019-06-15 12:26:37',4,23),(227,'2019-06-15 12:26:41',5,-1708),(227,'2019-06-15 12:26:41',6,224),(227,'2019-06-15 12:26:41',7,17324),(227,'2019-06-15 12:26:46',8,813.561),(227,'2019-06-15 12:26:46',1,25.3779),(227,'2019-06-15 12:26:52',2,-68),(227,'2019-06-15 12:26:52',3,-23),(227,'2019-06-15 12:26:52',4,21),(227,'2019-06-15 12:26:52',5,-1696),(227,'2019-06-15 12:26:53',6,244),(227,'2019-06-15 12:26:53',7,17320),(227,'2019-06-15 12:26:57',8,848.976),(227,'2019-06-15 12:26:57',1,24.5285),(227,'2019-06-15 12:26:57',2,-65),(227,'2019-06-15 12:26:57',3,-18),(227,'2019-06-15 12:26:57',4,23),(227,'2019-06-15 12:26:57',5,-1656),(227,'2019-06-15 12:26:57',6,120),(227,'2019-06-15 12:26:57',7,17200),(227,'2019-06-15 12:27:02',8,842.881),(227,'2019-06-15 12:27:03',1,26.5669),(227,'2019-06-15 12:27:07',2,-64),(227,'2019-06-15 12:27:07',3,-20),(227,'2019-06-15 12:27:07',4,24),(227,'2019-06-15 12:27:07',5,-1724),(227,'2019-06-15 12:27:07',6,292),(227,'2019-06-15 12:27:07',7,17232),(227,'2019-06-15 12:27:12',8,841.805),(227,'2019-06-15 12:27:12',1,27.0765),(227,'2019-06-15 12:27:12',2,-68),(227,'2019-06-15 12:27:12',3,-18),(227,'2019-06-15 12:27:12',4,22),(227,'2019-06-15 12:27:12',5,-1764),(227,'2019-06-15 12:27:12',6,72),(227,'2019-06-15 12:27:12',7,17168),(227,'2019-06-15 12:27:17',8,842.412),(227,'2019-06-15 12:27:17',1,42.1946),(227,'2019-06-15 12:27:24',2,-68),(227,'2019-06-15 12:27:24',3,-19),(227,'2019-06-15 12:27:24',4,22),(227,'2019-06-15 12:27:24',5,-1684),(227,'2019-06-15 12:27:24',6,468),(227,'2019-06-15 12:27:24',7,17256),(227,'2019-06-15 12:27:28',8,814.443),(227,'2019-06-15 12:27:29',1,26.3971),(227,'2019-06-15 12:27:34',2,-68),(227,'2019-06-15 12:27:34',3,-21),(227,'2019-06-15 12:27:34',4,21),(227,'2019-06-15 12:27:34',5,-1764),(227,'2019-06-15 12:27:34',6,12),(227,'2019-06-15 12:27:34',7,17348),(227,'2019-06-15 12:27:39',8,856.96),(227,'2019-06-15 12:27:39',1,32.3424),(227,'2019-06-15 12:27:39',2,-66),(227,'2019-06-15 12:27:39',3,-21),(227,'2019-06-15 12:27:39',4,21),(227,'2019-06-15 12:27:39',5,-1692),(227,'2019-06-15 12:27:39',6,216),(227,'2019-06-15 12:27:39',7,17252),(227,'2019-06-15 12:27:43',8,816.528),(227,'2019-06-15 12:27:45',1,29.9642),(227,'2019-06-15 12:27:46',2,-66),(227,'2019-06-15 12:27:49',3,-22),(227,'2019-06-15 12:27:49',4,22),(227,'2019-06-15 12:27:49',5,-1760),(227,'2019-06-15 12:27:49',6,76),(227,'2019-06-15 12:27:49',7,17392),(227,'2019-06-15 12:27:54',8,824.852),(227,'2019-06-15 12:27:54',1,30.4738),(227,'2019-06-15 12:27:54',2,-67),(227,'2019-06-15 12:27:54',3,-17),(227,'2019-06-15 12:27:54',4,22),(227,'2019-06-15 12:27:54',5,-1760),(227,'2019-06-15 12:27:54',6,48),(227,'2019-06-15 12:27:54',7,17204),(227,'2019-06-15 12:27:58',8,826.574),(227,'2019-06-15 12:27:58',1,31.493),(227,'2019-06-15 12:27:58',2,-66),(227,'2019-06-15 12:27:58',3,-24),(227,'2019-06-15 12:27:58',4,22),(227,'2019-06-15 12:27:58',5,-1708),(227,'2019-06-15 12:27:58',6,212),(227,'2019-06-15 12:27:58',7,17228),(227,'2019-06-15 12:28:03',8,827.852),(227,'2019-06-15 12:28:03',1,29.2848),(227,'2019-06-15 12:28:03',2,-66),(227,'2019-06-15 12:28:03',3,-17),(227,'2019-06-15 12:28:03',4,20),(227,'2019-06-15 12:28:03',5,-1684),(227,'2019-06-15 12:28:03',6,312),(227,'2019-06-15 12:28:03',7,17208),(227,'2019-06-15 12:28:07',8,858.923),(227,'2019-06-15 12:28:07',1,27.2464),(227,'2019-06-15 12:28:07',2,-68),(227,'2019-06-15 12:28:07',3,-22),(227,'2019-06-15 12:28:07',4,20),(227,'2019-06-15 12:28:07',5,-1716),(227,'2019-06-15 12:28:07',6,248),(227,'2019-06-15 12:28:07',7,17380),(227,'2019-06-15 12:28:12',8,852.672),(227,'2019-06-15 12:28:14',1,86.6994),(227,'2019-06-15 12:28:18',2,-68),(227,'2019-06-15 12:28:20',3,-21),(227,'2019-06-15 12:28:20',4,24),(227,'2019-06-15 12:28:20',5,-1544),(227,'2019-06-15 12:28:20',6,172),(227,'2019-06-15 12:28:20',7,17304),(227,'2019-06-15 12:28:25',8,820.592),(227,'2019-06-15 12:28:25',1,42.874),(227,'2019-06-15 12:28:25',2,-67),(227,'2019-06-15 12:28:25',3,-23),(227,'2019-06-15 12:28:25',4,21),(227,'2019-06-15 12:28:25',5,-1684),(227,'2019-06-15 12:28:25',6,220),(227,'2019-06-15 12:28:25',7,17324),(227,'2019-06-15 12:28:29',8,824.928),(227,'2019-06-15 12:28:29',1,33.7013),(227,'2019-06-15 12:28:30',2,-65),(227,'2019-06-15 12:28:30',3,-20),(227,'2019-06-15 12:28:30',4,23),(227,'2019-06-15 12:28:30',5,-1772),(227,'2019-06-15 12:28:30',6,240),(227,'2019-06-15 12:28:30',7,17328),(227,'2019-06-15 12:28:34',8,827.497),(227,'2019-06-15 12:28:34',1,33.0218),(227,'2019-06-15 12:28:34',2,-67),(227,'2019-06-15 12:28:34',3,-15),(227,'2019-06-15 12:28:34',4,21),(227,'2019-06-15 12:28:34',5,-1736),(227,'2019-06-15 12:28:34',6,28),(227,'2019-06-15 12:28:34',7,17232),(227,'2019-06-15 12:28:39',8,828.904),(227,'2019-06-15 12:28:39',1,32.6821),(227,'2019-06-15 12:28:39',2,-67),(227,'2019-06-15 12:28:39',3,-20),(227,'2019-06-15 12:28:39',4,24),(227,'2019-06-15 12:28:39',5,-1752),(227,'2019-06-15 12:28:39',6,284),(227,'2019-06-15 12:28:39',7,17376),(227,'2019-06-15 12:28:44',8,829.968),(227,'2019-06-15 12:28:45',1,32.852),(227,'2019-06-15 12:28:47',2,-67),(227,'2019-06-15 12:28:51',3,-20),(227,'2019-06-15 12:28:51',4,22),(227,'2019-06-15 12:28:51',5,-1692),(227,'2019-06-15 12:28:51',6,244),(227,'2019-06-15 12:28:51',7,17376),(227,'2019-06-15 12:28:56',8,830.971),(227,'2019-06-15 12:28:56',1,8.22142),(227,'2019-06-15 12:28:56',2,-64),(227,'2019-06-15 12:28:56',3,-18),(227,'2019-06-15 12:28:56',4,21),(227,'2019-06-15 12:28:56',5,-1784),(227,'2019-06-15 12:28:56',6,136),(227,'2019-06-15 12:28:56',7,17356),(227,'2019-06-15 12:29:00',8,863.307),(227,'2019-06-15 12:29:02',1,39.3069),(227,'2019-06-15 12:29:07',2,-67),(227,'2019-06-15 12:29:10',3,-18),(227,'2019-06-15 12:29:10',4,21),(227,'2019-06-15 12:29:10',5,-1752),(227,'2019-06-15 12:29:10',6,288),(227,'2019-06-15 12:29:10',7,17376),(227,'2019-06-15 12:29:15',8,823.019),(227,'2019-06-15 12:29:15',1,30.4738),(227,'2019-06-15 12:29:15',2,-67),(227,'2019-06-15 12:29:15',3,-21),(227,'2019-06-15 12:29:15',4,21),(227,'2019-06-15 12:29:15',5,-1660),(227,'2019-06-15 12:29:15',6,240),(227,'2019-06-15 12:29:15',7,17388),(227,'2019-06-15 12:29:19',8,826.566),(227,'2019-06-15 12:29:19',1,73.1102),(227,'2019-06-15 12:29:19',2,-66),(227,'2019-06-15 12:29:19',3,-21),(227,'2019-06-15 12:29:19',4,21),(227,'2019-06-15 12:29:19',5,-1732),(227,'2019-06-15 12:29:19',6,244),(227,'2019-06-15 12:29:19',7,17292),(227,'2019-06-15 12:29:24',8,828.854),(227,'2019-06-15 12:29:24',1,45.2522),(227,'2019-06-15 12:29:26',2,-69),(227,'2019-06-15 12:29:26',3,-19),(227,'2019-06-15 12:29:26',4,25),(227,'2019-06-15 12:29:26',5,-1708),(227,'2019-06-15 12:29:26',6,236),(227,'2019-06-15 12:29:26',7,17364),(227,'2019-06-15 12:29:31',8,830.945),(227,'2019-06-15 12:29:31',1,33.7013),(227,'2019-06-15 12:29:31',2,-67),(227,'2019-06-15 12:29:31',3,-22),(227,'2019-06-15 12:29:31',4,26),(227,'2019-06-15 12:29:31',5,-1708),(227,'2019-06-15 12:29:31',6,508),(227,'2019-06-15 12:29:31',7,17200),(227,'2019-06-15 12:29:35',8,831.587),(227,'2019-06-15 12:29:35',1,34.041),(227,'2019-06-15 12:29:35',2,-67),(227,'2019-06-15 12:29:35',3,-20),(227,'2019-06-15 12:29:35',4,23),(227,'2019-06-15 12:29:35',5,-1684),(227,'2019-06-15 12:29:35',6,284),(227,'2019-06-15 12:29:35',7,17236),(227,'2019-06-15 12:29:40',8,832.18),(227,'2019-06-15 12:29:41',1,31.1533),(227,'2019-06-15 12:29:45',2,-66),(227,'2019-06-15 12:29:45',3,-21),(227,'2019-06-15 12:29:45',4,24),(227,'2019-06-15 12:29:45',5,-1708),(227,'2019-06-15 12:29:45',6,296),(227,'2019-06-15 12:29:45',7,17196),(227,'2019-06-15 12:29:50',8,832.424),(227,'2019-06-15 12:29:50',1,27.0765),(227,'2019-06-15 12:29:50',2,-69),(227,'2019-06-15 12:29:50',3,-25),(227,'2019-06-15 12:29:50',4,22),(227,'2019-06-15 12:29:50',5,-1748),(227,'2019-06-15 12:29:50',6,240),(227,'2019-06-15 12:29:50',7,17324),(227,'2019-06-15 12:29:54',8,865.443),(227,'2019-06-15 12:29:54',1,34.7205),(227,'2019-06-15 12:29:54',2,-66),(227,'2019-06-15 12:29:54',3,-21),(227,'2019-06-15 12:29:54',4,22),(227,'2019-06-15 12:29:54',5,-1564),(227,'2019-06-15 12:29:54',6,148),(227,'2019-06-15 12:29:55',7,17288),(227,'2019-06-15 12:29:59',8,822.722),(227,'2019-06-15 12:29:59',1,8.22142),(227,'2019-06-15 12:29:59',2,-68),(227,'2019-06-15 12:30:01',8,861.359),(227,'2019-06-15 12:30:05',1,36.7589),(227,'2019-06-15 12:30:07',2,-68),(227,'2019-06-15 12:30:13',3,-23),(227,'2019-06-15 12:30:13',4,20),(227,'2019-06-15 12:30:13',5,-1756),(227,'2019-06-15 12:30:13',6,292),(227,'2019-06-15 12:30:13',7,17292),(227,'2019-06-15 12:30:18',8,827.506),(227,'2019-06-15 12:30:18',1,34.041),(227,'2019-06-15 12:30:18',2,-67),(227,'2019-06-15 12:30:18',3,-21),(227,'2019-06-15 12:30:18',4,21),(227,'2019-06-15 12:30:18',5,-1644),(227,'2019-06-15 12:30:18',6,188),(227,'2019-06-15 12:30:18',7,17368),(227,'2019-06-15 12:30:22',8,830.106),(227,'2019-06-15 12:30:22',1,28.0957),(227,'2019-06-15 12:30:22',2,-67),(227,'2019-06-15 12:30:24',8,865.99),(227,'2019-06-15 12:30:24',1,34.041),(227,'2019-06-15 12:30:24',2,-68),(227,'2019-06-15 12:30:24',3,-20),(227,'2019-06-15 12:30:24',4,21),(227,'2019-06-15 12:30:24',5,-1576),(227,'2019-06-15 12:30:24',6,252),(227,'2019-06-15 12:30:24',7,17312),(227,'2019-06-15 12:30:29',8,825.203),(227,'2019-06-15 12:30:29',1,34.8904),(227,'2019-06-15 12:30:33',2,-65),(227,'2019-06-15 12:30:33',3,-22),(227,'2019-06-15 12:30:33',4,25),(227,'2019-06-15 12:30:33',5,-1740),(227,'2019-06-15 12:30:33',6,208),(227,'2019-06-15 12:30:33',7,17400),(227,'2019-06-15 12:30:37',8,830.125),(227,'2019-06-15 12:30:37',1,66.6553),(227,'2019-06-15 12:30:40',2,-68),(227,'2019-06-15 12:30:40',3,-21),(227,'2019-06-15 12:30:40',4,23),(227,'2019-06-15 12:30:40',5,-1984),(227,'2019-06-15 12:30:40',6,8),(227,'2019-06-15 12:30:40',7,17580),(227,'2019-06-15 12:30:44',8,831.941),(227,'2019-06-15 12:30:44',1,54.0852),(227,'2019-06-15 12:30:44',2,-66),(227,'2019-06-15 12:30:44',3,-20),(227,'2019-06-15 12:30:44',4,25),(227,'2019-06-15 12:30:44',5,-1720),(227,'2019-06-15 12:30:44',6,320),(227,'2019-06-15 12:30:44',7,17272),(227,'2019-06-15 12:30:49',8,832.742),(227,'2019-06-15 12:30:49',1,34.3808),(227,'2019-06-15 12:30:49',2,-67),(227,'2019-06-15 12:30:49',3,-18),(227,'2019-06-15 12:30:49',4,21),(227,'2019-06-15 12:30:49',5,-1684),(227,'2019-06-15 12:30:49',6,328),(227,'2019-06-15 12:30:49',7,17320),(227,'2019-06-15 12:30:53',8,833.107),(227,'2019-06-15 12:30:53',1,34.3808),(227,'2019-06-15 12:30:54',2,-67),(227,'2019-06-15 12:30:54',3,-20),(227,'2019-06-15 12:30:54',4,20),(227,'2019-06-15 12:30:54',5,-1788),(227,'2019-06-15 12:30:54',6,268),(227,'2019-06-15 12:30:54',7,17320),(227,'2019-06-15 12:30:58',8,833.621),(227,'2019-06-15 12:30:59',1,34.7205),(227,'2019-06-15 12:31:03',2,-66),(227,'2019-06-15 12:31:06',3,-19),(227,'2019-06-15 12:31:06',4,24),(227,'2019-06-15 12:31:06',5,-1648),(227,'2019-06-15 12:31:06',6,8),(227,'2019-06-15 12:31:06',7,17376),(227,'2019-06-15 12:31:10',8,833.633),(227,'2019-06-15 12:31:11',1,34.7205),(227,'2019-06-15 12:31:11',2,-67),(227,'2019-06-15 12:31:11',3,-21),(227,'2019-06-15 12:31:11',4,23),(227,'2019-06-15 12:31:11',5,-1692),(227,'2019-06-15 12:31:11',6,224),(227,'2019-06-15 12:31:11',7,17248),(227,'2019-06-15 12:31:15',8,833.56),(227,'2019-06-15 12:31:15',1,35.0602),(227,'2019-06-15 12:31:15',2,-65),(227,'2019-06-15 12:31:15',3,-18),(227,'2019-06-15 12:31:15',4,20),(227,'2019-06-15 12:31:15',5,-1696),(227,'2019-06-15 12:31:15',6,152),(227,'2019-06-15 12:31:15',7,17216),(227,'2019-06-15 12:31:20',8,833.557),(227,'2019-06-15 12:31:20',1,32.0026),(227,'2019-06-15 12:31:20',2,-68),(227,'2019-06-15 12:31:20',3,-21),(227,'2019-06-15 12:31:20',4,23),(227,'2019-06-15 12:31:20',5,-1804),(227,'2019-06-15 12:31:20',6,144),(227,'2019-06-15 12:31:20',7,17360),(227,'2019-06-15 12:31:24',8,833.24),(227,'2019-06-15 12:31:25',1,34.041),(227,'2019-06-15 12:31:29',2,-66),(227,'2019-06-15 12:31:32',3,-20),(227,'2019-06-15 12:31:32',4,21),(227,'2019-06-15 12:31:32',5,-1672),(227,'2019-06-15 12:31:32',6,208),(227,'2019-06-15 12:31:32',7,17532),(227,'2019-06-15 12:31:37',8,832.578),(227,'2019-06-15 12:31:37',1,33.7013),(227,'2019-06-15 12:31:37',2,-67),(227,'2019-06-15 12:31:37',3,-18),(227,'2019-06-15 12:31:37',4,22),(227,'2019-06-15 12:31:37',5,-1688),(227,'2019-06-15 12:31:37',6,164),(227,'2019-06-15 12:31:37',7,17224),(227,'2019-06-15 12:31:41',8,832.495),(227,'2019-06-15 12:31:41',1,33.3616),(227,'2019-06-15 12:31:41',2,-68),(227,'2019-06-15 12:31:41',3,-21),(227,'2019-06-15 12:31:41',4,23),(227,'2019-06-15 12:31:41',5,-1544),(227,'2019-06-15 12:31:41',6,268),(227,'2019-06-15 12:31:41',7,17336),(227,'2019-06-15 12:31:46',8,832.025),(227,'2019-06-15 12:31:46',1,34.2109),(227,'2019-06-15 12:31:46',2,-65),(227,'2019-06-15 12:31:46',3,-20),(227,'2019-06-15 12:31:46',4,24),(227,'2019-06-15 12:31:46',5,-1716),(227,'2019-06-15 12:31:46',6,276),(227,'2019-06-15 12:31:46',7,17256),(227,'2019-06-15 12:31:50',8,832.056),(227,'2019-06-15 12:31:50',1,32.5122),(227,'2019-06-15 12:31:50',2,-63),(227,'2019-06-15 12:31:50',3,-20),(227,'2019-06-15 12:31:50',4,23),(227,'2019-06-15 12:31:50',5,-1972),(227,'2019-06-15 12:31:50',6,200),(227,'2019-06-15 12:31:51',7,17188),(227,'2019-06-15 12:31:55',8,832.021),(227,'2019-06-15 12:31:55',1,33.7013),(227,'2019-06-15 12:31:55',2,-66),(227,'2019-06-15 12:31:55',3,-20),(227,'2019-06-15 12:31:55',4,22),(227,'2019-06-15 12:31:55',5,-1796),(227,'2019-06-15 12:31:55',6,236),(227,'2019-06-15 12:31:55',7,17352),(227,'2019-06-15 12:32:00',8,832.301),(227,'2019-06-15 12:32:01',1,33.0218),(227,'2019-06-15 12:32:05',2,-67),(227,'2019-06-15 12:32:05',3,-19),(227,'2019-06-15 12:32:05',4,25),(227,'2019-06-15 12:32:05',5,-1760),(227,'2019-06-15 12:32:05',6,376),(227,'2019-06-15 12:32:05',7,17336),(227,'2019-06-15 12:32:09',8,831.818),(227,'2019-06-15 12:32:09',1,32.852),(227,'2019-06-15 12:32:10',2,-68),(227,'2019-06-15 12:32:10',3,-20),(227,'2019-06-15 12:32:10',4,24),(227,'2019-06-15 12:32:10',5,-1812),(227,'2019-06-15 12:32:10',6,204),(227,'2019-06-15 12:32:10',7,17388),(227,'2019-06-15 12:32:14',8,831.183),(227,'2019-06-15 12:32:14',1,36.4191),(227,'2019-06-15 12:32:14',2,-68),(227,'2019-06-15 12:32:14',3,-20),(227,'2019-06-15 12:32:14',4,22),(227,'2019-06-15 12:32:14',5,-1736),(227,'2019-06-15 12:32:14',6,196),(227,'2019-06-15 12:32:14',7,17000),(227,'2019-06-15 12:32:19',8,831.358),(227,'2019-06-15 12:32:19',1,32.6821),(227,'2019-06-15 12:32:19',2,-66),(227,'2019-06-15 12:32:19',3,-19),(227,'2019-06-15 12:32:19',4,24),(227,'2019-06-15 12:32:19',5,-1804),(227,'2019-06-15 12:32:19',6,476),(227,'2019-06-15 12:32:19',7,17260),(227,'2019-06-15 12:32:23',8,831.438),(227,'2019-06-15 12:32:23',1,31.6629),(227,'2019-06-15 12:32:23',2,-70),(227,'2019-06-15 12:32:23',3,-20),(227,'2019-06-15 12:32:23',4,18),(227,'2019-06-15 12:32:23',5,-1704),(227,'2019-06-15 12:32:23',6,300),(227,'2019-06-15 12:32:23',7,17332),(227,'2019-06-15 12:32:28',8,831.344),(227,'2019-06-15 12:32:29',1,31.1533),(227,'2019-06-15 12:32:33',2,-66),(227,'2019-06-15 12:32:33',3,-20),(227,'2019-06-15 12:32:33',4,24),(227,'2019-06-15 12:32:33',5,-1732),(227,'2019-06-15 12:32:33',6,260),(227,'2019-06-15 12:32:33',7,17232),(227,'2019-06-15 12:32:38',8,830.743),(227,'2019-06-15 12:32:38',1,25.0381),(227,'2019-06-15 12:32:38',2,-69),(227,'2019-06-15 12:32:38',3,-18),(227,'2019-06-15 12:32:38',4,26),(227,'2019-06-15 12:32:38',5,-1776),(227,'2019-06-15 12:32:38',6,280),(227,'2019-06-15 12:32:38',7,17292),(227,'2019-06-15 12:32:42',8,871.324),(227,'2019-06-15 12:32:42',1,58.3318),(227,'2019-06-15 12:32:42',2,-65),(227,'2019-06-15 12:32:42',3,-18),(227,'2019-06-15 12:32:42',4,21),(227,'2019-06-15 12:32:42',5,-1756),(227,'2019-06-15 12:32:42',6,196),(227,'2019-06-15 12:32:42',7,17348),(227,'2019-06-15 12:32:47',8,820.785),(227,'2019-06-15 12:32:47',1,72.9403),(227,'2019-06-15 12:32:47',2,-66),(227,'2019-06-15 12:32:47',3,-22),(227,'2019-06-15 12:32:47',4,21),(227,'2019-06-15 12:32:47',5,-1748),(227,'2019-06-15 12:32:47',6,316),(227,'2019-06-15 12:32:47',7,17224),(227,'2019-06-15 12:32:51',8,822.864),(227,'2019-06-15 12:32:51',1,55.614),(227,'2019-06-15 12:32:51',2,-67),(227,'2019-06-15 12:32:51',3,-21),(227,'2019-06-15 12:32:51',4,23),(227,'2019-06-15 12:32:51',5,-1744),(227,'2019-06-15 12:32:51',6,276),(227,'2019-06-15 12:32:51',7,17308),(227,'2019-06-15 12:32:56',8,824.424),(227,'2019-06-15 12:32:56',1,32.5122),(227,'2019-06-15 12:32:56',2,-67),(227,'2019-06-15 12:32:56',3,-19),(227,'2019-06-15 12:32:56',4,22),(227,'2019-06-15 12:32:56',5,-1652),(227,'2019-06-15 12:32:56',6,368),(227,'2019-06-15 12:32:56',7,17116),(227,'2019-06-15 12:33:00',8,825.635),(227,'2019-06-15 12:33:01',1,33.0218),(227,'2019-06-15 12:33:01',2,-68),(227,'2019-06-15 12:33:01',3,-19),(227,'2019-06-15 12:33:01',4,21),(227,'2019-06-15 12:33:01',5,-1736),(227,'2019-06-15 12:33:01',6,232),(227,'2019-06-15 12:33:01',7,17244),(227,'2019-06-15 12:33:05',8,826.439),(227,'2019-06-15 12:33:05',1,22.66),(227,'2019-06-15 12:33:05',2,-66),(227,'2019-06-15 12:33:05',3,-23),(227,'2019-06-15 12:33:05',4,22),(227,'2019-06-15 12:33:05',5,-1664),(227,'2019-06-15 12:33:05',6,224),(227,'2019-06-15 12:33:05',7,17324),(227,'2019-06-15 12:33:10',8,870.558),(227,'2019-06-15 12:33:10',1,32.5122),(227,'2019-06-15 12:33:10',2,-67),(227,'2019-06-15 12:33:10',3,-19),(227,'2019-06-15 12:33:10',4,20),(227,'2019-06-15 12:33:10',5,-1680),(227,'2019-06-15 12:33:10',6,208),(227,'2019-06-15 12:33:10',7,17132),(227,'2019-06-15 12:33:14',8,821.028),(227,'2019-06-15 12:33:14',1,32.3424),(227,'2019-06-15 12:33:14',2,-69),(227,'2019-06-15 12:33:14',3,-20),(227,'2019-06-15 12:33:14',4,24),(227,'2019-06-15 12:33:14',5,-1720),(227,'2019-06-15 12:33:15',6,244),(227,'2019-06-15 12:33:15',7,17336),(227,'2019-06-15 12:33:19',8,823.047),(227,'2019-06-15 12:33:19',1,32.5122),(227,'2019-06-15 12:33:19',2,-68),(227,'2019-06-15 12:33:19',3,-19),(227,'2019-06-15 12:33:19',4,24),(227,'2019-06-15 12:33:19',5,-1776),(227,'2019-06-15 12:33:19',6,4),(227,'2019-06-15 12:33:19',7,17248),(227,'2019-06-15 12:33:24',8,824.371),(227,'2019-06-15 12:33:24',1,12.6379),(227,'2019-06-15 12:33:24',2,-67),(227,'2019-06-15 12:33:24',3,-11),(227,'2019-06-15 12:33:24',4,25),(227,'2019-06-15 12:33:24',5,-1736),(227,'2019-06-15 12:33:24',6,168),(227,'2019-06-15 12:33:24',7,17384),(1,'2019-06-15 12:34:49',8,852.202),(1,'2019-06-15 12:35:03',8,849.212),(1,'2019-06-15 12:35:05',8,849.031),(1,'2019-06-15 12:35:08',8,848.48),(1,'2019-06-15 12:35:11',8,848.023),(1,'2019-06-15 12:35:52',8,841.694),(1,'2019-06-16 08:39:37',8,824.073),(1,'2019-06-16 08:39:52',8,823.397),(1,'2019-06-16 08:40:02',8,791.049),(1,'2019-06-16 08:40:15',8,779.003),(1,'2019-06-16 08:40:20',8,778.17),(1,'2019-06-16 08:40:23',8,3297.68),(1,'2019-06-16 08:40:32',8,834.24),(1,'2019-06-16 08:40:42',8,836.089),(228,'2019-06-16 08:43:11',8,799.553),(228,'2019-06-16 08:43:11',2,-68),(228,'2019-06-16 08:43:11',3,-17),(228,'2019-06-16 08:43:11',4,23),(228,'2019-06-16 08:43:11',5,-1744),(228,'2019-06-16 08:43:11',6,504),(228,'2019-06-16 08:43:11',7,17296),(228,'2019-06-16 08:43:11',1,23.1696),(228,'2019-06-16 08:43:11',2,-65),(228,'2019-06-16 08:43:11',3,-22),(228,'2019-06-16 08:43:11',4,23),(228,'2019-06-16 08:43:11',5,-1712),(228,'2019-06-16 08:43:11',6,236),(228,'2019-06-16 08:43:12',7,17372),(228,'2019-06-16 08:43:15',1,23.6792),(228,'2019-06-16 08:43:18',2,-66),(228,'2019-06-16 08:43:20',3,-17),(228,'2019-06-16 08:43:22',4,22),(1,'2019-06-16 08:43:23',8,805.373),(228,'2019-06-16 08:43:23',5,-1636),(228,'2019-06-16 08:43:27',6,220),(228,'2019-06-16 08:43:29',7,17276),(1,'2019-06-16 08:43:34',8,800.547),(228,'2019-06-16 08:43:36',1,26.2272),(228,'2019-06-16 08:43:36',2,-68),(228,'2019-06-16 08:43:36',3,-22),(228,'2019-06-16 08:43:36',4,20),(228,'2019-06-16 08:43:36',5,-1736),(228,'2019-06-16 08:43:36',6,308),(228,'2019-06-16 08:43:36',7,17200),(228,'2019-06-16 08:43:39',1,26.7368),(228,'2019-06-16 08:43:40',2,-67),(228,'2019-06-16 08:43:41',3,-21),(228,'2019-06-16 08:43:41',4,23),(228,'2019-06-16 08:43:41',5,-1568),(228,'2019-06-16 08:43:41',6,308),(228,'2019-06-16 08:43:41',7,17396),(228,'2019-06-16 08:43:44',1,27.756),(228,'2019-06-16 08:43:44',2,-65),(228,'2019-06-16 08:43:44',3,-21),(228,'2019-06-16 08:43:44',4,22),(228,'2019-06-16 08:43:44',5,-1656),(228,'2019-06-16 08:43:44',6,352),(228,'2019-06-16 08:43:44',7,17332),(228,'2019-06-16 08:43:47',1,28.945),(228,'2019-06-16 08:43:50',2,-69),(228,'2019-06-16 08:43:51',3,-20),(228,'2019-06-16 08:43:53',4,22),(228,'2019-06-16 08:43:55',5,-1732),(228,'2019-06-16 08:43:57',6,64),(1,'2019-06-16 08:44:01',8,804.656),(228,'2019-06-16 08:44:02',7,17300),(228,'2019-06-16 08:44:05',1,32.6821),(228,'2019-06-16 08:44:08',2,-67),(228,'2019-06-16 08:44:11',3,-21),(228,'2019-06-16 08:44:14',4,23),(228,'2019-06-16 08:44:16',5,-1672),(228,'2019-06-16 08:44:18',6,328),(228,'2019-06-16 08:44:20',7,17332),(228,'2019-06-16 08:44:25',1,34.7205),(228,'2019-06-16 08:44:26',2,-67),(228,'2019-06-16 08:44:28',3,-22),(228,'2019-06-16 08:44:32',4,25),(1,'2019-06-16 08:44:34',8,814.781),(228,'2019-06-16 08:44:35',5,-1596),(228,'2019-06-16 08:44:37',6,244),(228,'2019-06-16 08:44:37',7,17344),(228,'2019-06-16 08:44:40',1,37.0986),(228,'2019-06-16 08:44:41',2,-66),(228,'2019-06-16 08:44:41',3,-20),(228,'2019-06-16 08:44:41',4,25),(228,'2019-06-16 08:44:41',5,-1724),(228,'2019-06-16 08:44:41',6,264),(228,'2019-06-16 08:44:41',7,17400),(228,'2019-06-16 08:44:44',1,46.9508),(228,'2019-06-16 08:44:46',2,-66),(228,'2019-06-16 08:44:48',3,-18),(1,'2019-06-16 08:44:49',8,818.499),(228,'2019-06-16 08:44:50',4,21),(228,'2019-06-16 08:44:50',5,-1696),(228,'2019-06-16 08:44:50',6,316),(228,'2019-06-16 08:44:50',7,17168),(228,'2019-06-16 08:44:54',8,832.584),(228,'2019-06-16 08:44:54',1,38.1178),(228,'2019-06-16 08:44:54',2,-66),(228,'2019-06-16 08:44:54',3,-22),(228,'2019-06-16 08:44:54',4,23),(228,'2019-06-16 08:44:55',5,-1596),(228,'2019-06-16 08:44:55',6,276),(228,'2019-06-16 08:44:55',7,17328),(1,'2019-06-16 08:44:56',8,856.358),(228,'2019-06-16 08:44:59',8,855.025),(228,'2019-06-16 08:45:00',1,38.7973),(228,'2019-06-16 08:45:00',2,-68),(228,'2019-06-16 08:45:00',3,-20),(228,'2019-06-16 08:45:00',4,23),(228,'2019-06-16 08:45:00',5,-1640),(228,'2019-06-16 08:45:00',6,216),(228,'2019-06-16 08:45:00',7,17180),(1,'2019-06-16 08:45:01',8,851.055),(228,'2019-06-16 08:45:05',8,842.403),(228,'2019-06-16 08:45:05',1,64.7867),(228,'2019-06-16 08:45:05',2,-65),(228,'2019-06-16 08:45:05',3,-22),(228,'2019-06-16 08:45:06',4,22),(228,'2019-06-16 08:45:06',5,-1640),(228,'2019-06-16 08:45:06',6,360),(228,'2019-06-16 08:45:06',7,17272),(1,'2019-06-16 08:45:07',8,828.17),(228,'2019-06-16 08:45:10',8,829.552),(228,'2019-06-16 08:45:12',1,41.1754),(228,'2019-06-16 08:45:15',2,-68),(228,'2019-06-16 08:45:18',3,-23),(1,'2019-06-16 08:45:18',8,850.222),(228,'2019-06-16 08:45:21',4,24),(228,'2019-06-16 08:45:23',5,-1612),(228,'2019-06-16 08:45:23',6,24),(228,'2019-06-16 08:45:23',7,17308),(228,'2019-06-16 08:45:28',8,865.272),(228,'2019-06-16 08:45:28',1,41.1754),(228,'2019-06-16 08:45:28',2,-67),(228,'2019-06-16 08:45:28',3,-20),(228,'2019-06-16 08:45:28',4,22),(228,'2019-06-16 08:45:28',5,-1668),(228,'2019-06-16 08:45:28',6,312),(228,'2019-06-16 08:45:28',7,17420),(228,'2019-06-16 08:45:31',1,40.4959),(228,'2019-06-16 08:45:35',2,-66),(228,'2019-06-16 08:45:37',3,-20),(228,'2019-06-16 08:45:39',4,24),(228,'2019-06-16 08:45:40',5,-1664),(228,'2019-06-16 08:45:42',6,492),(228,'2019-06-16 08:45:44',7,17372),(228,'2019-06-16 08:45:49',1,39.8165),(1,'2019-06-16 08:45:49',8,875.341),(228,'2019-06-16 08:45:50',2,-67),(228,'2019-06-16 08:45:52',3,-22),(228,'2019-06-16 08:45:54',4,23),(228,'2019-06-16 08:45:56',5,-1704),(228,'2019-06-16 08:45:58',6,480),(228,'2019-06-16 08:46:00',7,17284),(228,'2019-06-16 08:46:04',1,38.2877),(228,'2019-06-16 08:46:05',2,-67),(228,'2019-06-16 08:46:05',3,-20),(228,'2019-06-16 08:46:05',4,23),(228,'2019-06-16 08:46:05',5,-1996),(228,'2019-06-16 08:46:05',6,244),(228,'2019-06-16 08:46:05',7,17352),(228,'2019-06-16 08:46:08',1,60.2004),(1,'2019-06-16 08:46:09',8,838.031),(228,'2019-06-16 08:46:10',2,-67),(228,'2019-06-16 08:46:10',3,-23),(228,'2019-06-16 08:46:10',4,22),(228,'2019-06-16 08:46:10',5,-1764),(228,'2019-06-16 08:46:10',6,324),(228,'2019-06-16 08:46:10',7,17152),(228,'2019-06-16 08:46:13',1,41.3453),(228,'2019-06-16 08:46:13',2,-67),(228,'2019-06-16 08:46:13',3,-18),(228,'2019-06-16 08:46:13',4,23),(228,'2019-06-16 08:46:13',5,-1688),(228,'2019-06-16 08:46:13',6,508),(228,'2019-06-16 08:46:13',7,17180),(228,'2019-06-16 08:46:16',1,41.3453),(228,'2019-06-16 08:46:17',2,-66),(228,'2019-06-16 08:46:21',3,-23),(228,'2019-06-16 08:46:23',4,20),(228,'2019-06-16 08:46:27',5,-1600),(228,'2019-06-16 08:46:29',6,196),(228,'2019-06-16 08:46:31',7,17324),(1,'2019-06-16 08:46:31',8,859.285),(228,'2019-06-16 08:46:36',1,41.5151),(228,'2019-06-16 08:46:36',2,-66),(228,'2019-06-16 08:46:36',3,-19),(228,'2019-06-16 08:46:36',4,20),(228,'2019-06-16 08:46:36',5,-1640),(228,'2019-06-16 08:46:36',6,316),(228,'2019-06-16 08:46:36',7,17220),(228,'2019-06-16 08:46:39',1,42.0247),(228,'2019-06-16 08:46:41',2,-66),(228,'2019-06-16 08:46:41',3,-19),(228,'2019-06-16 08:46:41',4,23),(228,'2019-06-16 08:46:41',5,-1608),(228,'2019-06-16 08:46:41',6,280),(228,'2019-06-16 08:46:41',7,17296),(228,'2019-06-16 08:46:44',1,41.3453),(228,'2019-06-16 08:46:44',2,-67),(228,'2019-06-16 08:46:44',3,-20),(228,'2019-06-16 08:46:44',4,22),(228,'2019-06-16 08:46:44',5,-1776),(228,'2019-06-16 08:46:44',6,264),(228,'2019-06-16 08:46:44',7,17216),(228,'2019-06-16 08:46:47',1,39.9863),(228,'2019-06-16 08:46:49',2,-66),(228,'2019-06-16 08:46:49',3,-18),(228,'2019-06-16 08:46:49',4,23),(228,'2019-06-16 08:46:49',5,-1664),(228,'2019-06-16 08:46:49',6,296),(228,'2019-06-16 08:46:49',7,17184),(228,'2019-06-16 08:46:52',1,41.5151),(228,'2019-06-16 08:46:56',2,-66),(228,'2019-06-16 08:47:01',3,-20),(228,'2019-06-16 08:47:05',4,22),(228,'2019-06-16 08:47:07',5,-1708),(228,'2019-06-16 08:47:09',6,340),(228,'2019-06-16 08:47:13',7,17256),(229,'2019-06-16 08:50:02',8,853.901),(229,'2019-06-16 08:50:02',2,-68),(229,'2019-06-16 08:50:02',3,-15),(229,'2019-06-16 08:50:02',4,21),(229,'2019-06-16 08:50:02',5,-1692),(229,'2019-06-16 08:50:02',6,252),(229,'2019-06-16 08:50:02',7,17348),(229,'2019-06-16 08:50:02',1,33.1917),(229,'2019-06-16 08:50:02',2,-65),(229,'2019-06-16 08:50:02',3,-18),(229,'2019-06-16 08:50:02',4,21),(229,'2019-06-16 08:50:02',5,-1644),(229,'2019-06-16 08:50:02',6,468),(229,'2019-06-16 08:50:02',7,17252),(1,'2019-06-16 08:50:04',8,854.193),(229,'2019-06-16 08:50:05',1,33.1917),(1,'2019-06-16 08:50:10',8,854.085),(229,'2019-06-16 08:50:10',2,-69),(229,'2019-06-16 08:50:12',3,-20),(1,'2019-06-16 08:50:13',8,853.828),(229,'2019-06-16 08:50:14',4,22),(229,'2019-06-16 08:50:14',5,-1632),(229,'2019-06-16 08:50:14',6,308),(229,'2019-06-16 08:50:14',7,17148),(229,'2019-06-16 08:50:17',1,32.0026),(229,'2019-06-16 08:50:17',2,-68),(229,'2019-06-16 08:50:17',3,-18),(229,'2019-06-16 08:50:17',4,22),(229,'2019-06-16 08:50:17',5,-1676),(229,'2019-06-16 08:50:17',6,36),(229,'2019-06-16 08:50:17',7,17136),(229,'2019-06-16 08:50:20',1,32.0026),(229,'2019-06-16 08:50:22',2,-68),(229,'2019-06-16 08:50:24',3,-17),(229,'2019-06-16 08:50:26',4,23),(229,'2019-06-16 08:50:28',5,-1712),(229,'2019-06-16 08:50:28',6,248),(229,'2019-06-16 08:50:28',7,17256),(229,'2019-06-16 08:50:31',1,31.1533),(229,'2019-06-16 08:50:32',2,-66),(229,'2019-06-16 08:50:32',3,-20),(229,'2019-06-16 08:50:32',4,22),(229,'2019-06-16 08:50:32',5,-1724),(229,'2019-06-16 08:50:32',6,276),(229,'2019-06-16 08:50:32',7,17180),(229,'2019-06-16 08:50:35',1,31.493),(229,'2019-06-16 08:50:36',2,-70),(229,'2019-06-16 08:50:36',3,-21),(229,'2019-06-16 08:50:36',4,23),(229,'2019-06-16 08:50:36',5,-1724),(229,'2019-06-16 08:50:36',6,472),(229,'2019-06-16 08:50:36',7,17280),(229,'2019-06-16 08:50:39',1,32.0026),(229,'2019-06-16 08:50:40',2,-67),(229,'2019-06-16 08:50:40',3,-16),(229,'2019-06-16 08:50:40',4,24),(229,'2019-06-16 08:50:40',5,-1676),(229,'2019-06-16 08:50:40',6,492),(229,'2019-06-16 08:50:40',7,17396),(229,'2019-06-16 08:50:43',1,31.3232),(229,'2019-06-16 08:50:44',2,-67),(229,'2019-06-16 08:50:44',3,-19),(229,'2019-06-16 08:50:44',4,24),(229,'2019-06-16 08:50:44',5,-1696),(229,'2019-06-16 08:50:44',6,148),(229,'2019-06-16 08:50:44',7,17344),(229,'2019-06-16 08:50:47',1,30.6437),(229,'2019-06-16 08:50:49',2,-66),(229,'2019-06-16 08:50:50',3,-21),(229,'2019-06-16 08:50:53',4,21),(229,'2019-06-16 08:50:55',5,-1780),(229,'2019-06-16 08:50:58',6,196),(229,'2019-06-16 08:51:00',7,17292),(229,'2019-06-16 08:51:05',1,28.4355),(229,'2019-06-16 08:51:07',2,-66),(229,'2019-06-16 08:51:07',3,-17),(229,'2019-06-16 08:51:07',4,20),(229,'2019-06-16 08:51:07',5,-1676),(229,'2019-06-16 08:51:07',6,336),(229,'2019-06-16 08:51:07',7,17268),(229,'2019-06-16 08:51:10',1,32.5122),(229,'2019-06-16 08:51:13',2,-68),(229,'2019-06-16 08:51:18',3,-19),(229,'2019-06-16 08:51:20',4,25),(229,'2019-06-16 08:51:22',5,-1728),(229,'2019-06-16 08:51:24',6,0),(229,'2019-06-16 08:51:27',7,17272),(229,'2019-06-16 08:51:30',1,36.0794),(229,'2019-06-16 08:51:31',2,-69),(229,'2019-06-16 08:51:31',3,-20),(229,'2019-06-16 08:51:31',4,20),(229,'2019-06-16 08:51:31',5,-1660),(229,'2019-06-16 08:51:31',6,132),(229,'2019-06-16 08:51:31',7,17224),(229,'2019-06-16 08:51:34',1,37.0986),(229,'2019-06-16 08:51:35',2,-68),(229,'2019-06-16 08:51:35',3,-20),(229,'2019-06-16 08:51:35',4,23),(229,'2019-06-16 08:51:35',5,-1760),(229,'2019-06-16 08:51:35',6,240),(229,'2019-06-16 08:51:35',7,17368),(229,'2019-06-16 08:51:38',1,38.4575),(229,'2019-06-16 08:51:40',2,-69),(229,'2019-06-16 08:51:41',3,-20),(229,'2019-06-16 08:51:44',4,23),(229,'2019-06-16 08:51:46',5,-1720),(229,'2019-06-16 08:51:48',6,36),(229,'2019-06-16 08:51:50',7,17152),(229,'2019-06-16 08:51:54',1,40.3261),(229,'2019-06-16 08:51:55',2,-67),(229,'2019-06-16 08:51:55',3,-20),(229,'2019-06-16 08:51:55',4,23),(229,'2019-06-16 08:51:55',5,-1708),(229,'2019-06-16 08:51:55',6,192),(229,'2019-06-16 08:51:55',7,17176),(229,'2019-06-16 08:51:58',1,24.5285),(229,'2019-06-16 08:52:01',2,-69),(229,'2019-06-16 08:52:05',3,-18),(229,'2019-06-16 08:52:07',4,23),(229,'2019-06-16 08:52:09',5,-1680),(229,'2019-06-16 08:52:09',6,288),(229,'2019-06-16 08:52:09',7,17260),(229,'2019-06-16 08:52:12',1,35.9095),(229,'2019-06-16 08:52:12',2,-67),(229,'2019-06-16 08:52:12',3,-17),(229,'2019-06-16 08:52:12',4,19),(229,'2019-06-16 08:52:12',5,-1612),(229,'2019-06-16 08:52:12',6,304),(229,'2019-06-16 08:52:12',7,17284),(229,'2019-06-16 08:52:15',1,43.8932),(229,'2019-06-16 08:52:18',2,-68),(229,'2019-06-16 08:52:19',3,-19),(229,'2019-06-16 08:52:22',4,24),(229,'2019-06-16 08:52:22',5,-1728),(229,'2019-06-16 08:52:23',6,184),(229,'2019-06-16 08:52:23',7,17228),(229,'2019-06-16 08:52:28',8,845.637),(229,'2019-06-16 08:52:30',1,44.9124),(229,'2019-06-16 08:52:33',2,-67),(229,'2019-06-16 08:52:35',3,-19),(229,'2019-06-16 08:52:37',4,21),(229,'2019-06-16 08:52:37',5,-1640),(229,'2019-06-16 08:52:37',6,432),(229,'2019-06-16 08:52:37',7,17184),(1,'2019-06-16 08:52:42',8,1852.83),(229,'2019-06-16 08:52:43',8,883.358),(229,'2019-06-16 08:52:43',1,44.5727),(229,'2019-06-16 08:52:43',2,-68),(229,'2019-06-16 08:52:43',3,-21),(229,'2019-06-16 08:52:43',4,19),(229,'2019-06-16 08:52:43',5,-1668),(229,'2019-06-16 08:52:45',6,268),(229,'2019-06-16 08:52:45',7,17220),(229,'2019-06-16 08:52:50',8,884.507),(229,'2019-06-16 08:52:50',1,43.5535),(229,'2019-06-16 08:52:50',2,-64),(229,'2019-06-16 08:52:50',3,-18),(229,'2019-06-16 08:52:50',4,24),(229,'2019-06-16 08:52:50',5,-1648),(229,'2019-06-16 08:52:50',6,300),(229,'2019-06-16 08:52:50',7,17348),(229,'2019-06-16 08:52:54',8,885.549),(229,'2019-06-16 08:52:55',1,43.2138),(229,'2019-06-16 08:52:55',2,-64),(229,'2019-06-16 08:52:55',3,-17),(229,'2019-06-16 08:52:55',4,23),(229,'2019-06-16 08:52:55',5,-1620),(229,'2019-06-16 08:52:56',6,308),(229,'2019-06-16 08:52:56',7,17276),(229,'2019-06-16 08:53:00',8,881.226),(229,'2019-06-16 08:53:03',1,42.5343),(229,'2019-06-16 08:53:08',2,-68),(229,'2019-06-16 08:53:10',3,-18),(229,'2019-06-16 08:53:14',4,21),(229,'2019-06-16 08:53:17',5,-1684),(229,'2019-06-16 08:53:19',6,244),(229,'2019-06-16 08:53:21',7,17352),(229,'2019-06-16 08:53:28',8,867.228),(229,'2019-06-16 08:53:28',1,40.3261),(229,'2019-06-16 08:53:28',2,-66),(229,'2019-06-16 08:53:28',3,-24),(229,'2019-06-16 08:53:28',4,22),(229,'2019-06-16 08:53:28',5,-1640),(229,'2019-06-16 08:53:28',6,272),(229,'2019-06-16 08:53:28',7,17152),(1,'2019-06-16 09:26:11',8,871.049),(1,'2019-06-16 09:26:19',8,556.178),(1,'2019-06-16 09:26:21',8,599.771),(1,'2019-06-16 09:26:31',8,632.795),(1,'2019-06-16 09:26:55',8,646.404),(1,'2019-06-16 09:27:01',8,644.962),(1,'2019-06-16 09:27:03',8,645.431),(1,'2019-06-16 09:27:07',8,646.799),(1,'2019-06-16 09:27:17',8,707.386),(1,'2019-06-16 09:27:27',8,772.596),(1,'2019-06-16 09:27:30',8,782.448),(1,'2019-06-16 09:27:36',8,134.815),(1,'2019-06-16 09:27:40',8,117.501),(1,'2019-06-16 09:27:44',8,113.626),(1,'2019-06-16 09:27:53',8,106.185),(1,'2019-06-16 09:28:01',8,145.767),(1,'2019-06-16 09:28:04',8,241.002),(1,'2019-06-16 09:28:11',8,55.4349),(1,'2019-06-16 09:28:15',8,35.8185),(1,'2019-06-16 09:28:20',8,27.9107),(1,'2019-06-16 09:28:26',8,24.5595),(1,'2019-06-16 09:28:32',8,672.167),(1,'2019-06-16 09:28:37',8,5.84668),(1,'2019-06-16 09:29:08',8,352.797),(1,'2019-06-16 09:29:16',8,349.472),(1,'2019-06-16 09:29:23',8,567.953),(1,'2019-06-16 09:29:27',8,646.052),(230,'2019-06-16 09:31:03',8,94.887),(230,'2019-06-16 09:31:04',2,-68),(230,'2019-06-16 09:31:07',3,-18),(230,'2019-06-16 09:31:09',4,23),(230,'2019-06-16 09:31:11',5,-1644),(230,'2019-06-16 09:31:13',6,328),(230,'2019-06-16 09:31:15',7,17420),(230,'2019-06-16 09:31:19',1,19.7723),(230,'2019-06-16 09:31:22',2,-70),(230,'2019-06-16 09:31:28',3,-23),(230,'2019-06-16 09:31:30',4,21),(230,'2019-06-16 09:31:30',5,-1776),(230,'2019-06-16 09:31:30',6,320),(230,'2019-06-16 09:31:30',7,17516),(230,'2019-06-16 09:31:33',1,29.1149),(230,'2019-06-16 09:31:34',2,-69),(230,'2019-06-16 09:31:34',3,-20),(230,'2019-06-16 09:31:34',4,23),(230,'2019-06-16 09:31:34',5,-1724),(230,'2019-06-16 09:31:34',6,292),(230,'2019-06-16 09:31:34',7,17224),(230,'2019-06-16 09:31:37',1,25.208),(230,'2019-06-16 09:31:38',2,-69),(230,'2019-06-16 09:31:38',3,-23),(230,'2019-06-16 09:31:38',4,22),(230,'2019-06-16 09:31:38',5,-1648),(230,'2019-06-16 09:31:38',6,304),(230,'2019-06-16 09:31:38',7,17172),(230,'2019-06-16 09:31:41',1,25.208),(230,'2019-06-16 09:31:42',2,-67),(230,'2019-06-16 09:31:42',3,-20),(230,'2019-06-16 09:31:42',4,18),(230,'2019-06-16 09:31:42',5,-1716),(230,'2019-06-16 09:31:42',6,392),(230,'2019-06-16 09:31:42',7,17428),(230,'2019-06-16 09:31:45',1,26.7368),(230,'2019-06-16 09:31:45',2,-67),(230,'2019-06-16 09:31:45',3,-18),(230,'2019-06-16 09:31:45',4,20),(230,'2019-06-16 09:31:45',5,-2008),(230,'2019-06-16 09:31:45',6,332),(230,'2019-06-16 09:31:46',7,17608),(230,'2019-06-16 09:31:49',1,19.0928),(230,'2019-06-16 09:31:51',2,-69),(230,'2019-06-16 09:31:53',3,-20),(230,'2019-06-16 09:31:55',4,22),(230,'2019-06-16 09:31:57',5,-1664),(230,'2019-06-16 09:31:59',6,292),(230,'2019-06-16 09:32:01',7,17168),(230,'2019-06-16 09:32:06',1,29.7944),(230,'2019-06-16 09:32:08',2,-69),(230,'2019-06-16 09:32:10',3,-17),(230,'2019-06-16 09:32:12',4,23),(230,'2019-06-16 09:32:17',5,-1824),(230,'2019-06-16 09:32:18',6,356),(230,'2019-06-16 09:32:18',7,17212),(230,'2019-06-16 09:32:23',1,94.1735),(230,'2019-06-16 09:32:26',2,-69),(230,'2019-06-16 09:32:27',3,-22),(230,'2019-06-16 09:32:29',4,19),(230,'2019-06-16 09:32:32',5,-1744),(230,'2019-06-16 09:32:32',6,420),(230,'2019-06-16 09:32:32',7,17340),(230,'2019-06-16 09:32:36',8,29.2942),(230,'2019-06-16 09:32:39',8,22.0771),(230,'2019-06-16 09:32:45',8,-51.5516),(230,'2019-06-16 09:32:49',8,4.18737),(230,'2019-06-16 09:32:51',8,-0.264969),(230,'2019-06-16 09:32:55',8,-2.14581),(230,'2019-06-16 09:32:58',8,-17998.7),(230,'2019-06-16 09:33:01',8,-6.26585),(230,'2019-06-16 09:33:04',8,-6.27454),(230,'2019-06-16 09:33:07',8,-9.18268),(230,'2019-06-16 09:33:11',8,-8.4551),(230,'2019-06-16 09:33:13',8,-9.74302),(230,'2019-06-16 09:33:15',8,-9.12621),(230,'2019-06-16 09:33:17',8,-9.47371),(230,'2019-06-16 09:33:19',8,-9.06974),(230,'2019-06-16 09:33:21',8,-9.2348),(230,'2019-06-16 09:33:23',8,-7.06728),(230,'2019-06-16 09:33:24',8,-7.92517),(230,'2019-06-16 09:33:26',8,-5.33412),(230,'2019-06-16 09:33:28',8,-5.85754),(230,'2019-06-16 09:33:30',8,-10.2295),(230,'2019-06-16 09:33:32',8,-8.97201),(230,'2019-06-16 09:33:34',8,-7.74707),(230,'2019-06-16 09:33:36',8,-5.5752),(230,'2019-06-16 09:33:38',8,-5.86623),(230,'2019-06-16 09:33:40',8,-5.01268),(230,'2019-06-16 09:33:42',8,-2.37386),(230,'2019-06-16 09:33:44',8,-2.87122),(230,'2019-06-16 09:33:48',8,0.332297),(230,'2019-06-16 09:33:50',8,1.57678),(230,'2019-06-16 09:33:52',8,4.73034),(230,'2019-06-16 09:33:55',8,228.631),(230,'2019-06-16 09:33:56',8,6.44612),(230,'2019-06-16 09:33:58',8,8.9568),(230,'2019-06-16 09:34:00',8,9.85813),(230,'2019-06-16 09:34:02',8,9.30865),(230,'2019-06-16 09:34:04',8,11.9562),(230,'2019-06-16 09:34:06',8,12.7793),(230,'2019-06-16 09:34:08',8,13.344),(230,'2019-06-16 09:34:10',8,15.1553),(230,'2019-06-16 09:34:12',8,16.0067),(230,'2019-06-16 09:34:14',8,17.8897),(230,'2019-06-16 09:34:16',8,16.7191),(230,'2019-06-16 09:34:18',8,16.5062),(230,'2019-06-16 09:34:20',8,16.1001),(230,'2019-06-16 09:34:21',8,16.945),(230,'2019-06-16 09:34:23',8,17.8311),(230,'2019-06-16 09:34:26',8,16.2022),(230,'2019-06-16 09:34:28',8,15.3921),(230,'2019-06-16 09:34:30',8,14.6493),(230,'2019-06-16 09:34:32',8,14.6384),(230,'2019-06-16 09:34:33',8,13.7176),(230,'2019-06-16 09:34:35',8,12.8466),(230,'2019-06-16 09:34:37',8,13.5481),(230,'2019-06-16 09:34:39',8,73.4093),(230,'2019-06-16 09:34:41',8,266.786),(230,'2019-06-16 09:34:43',8,332.525),(230,'2019-06-16 09:34:45',8,366.51),(230,'2019-06-16 09:34:47',8,387.534),(230,'2019-06-16 09:34:49',8,404.277),(230,'2019-06-16 09:34:51',8,417.506),(230,'2019-06-16 09:34:53',8,429.951),(230,'2019-06-16 09:34:56',8,443.807),(230,'2019-06-16 09:34:58',8,453.57),(230,'2019-06-16 09:34:59',8,459.012),(230,'2019-06-16 09:35:01',8,466.323),(230,'2019-06-16 09:35:03',8,472.163),(230,'2019-06-16 09:35:05',8,479.13),(230,'2019-06-16 09:35:07',8,484.923),(230,'2019-06-16 09:35:09',8,488.304),(230,'2019-06-16 09:35:11',8,492.322),(230,'2019-06-16 09:35:13',8,498.219),(230,'2019-06-16 09:35:15',8,501.142),(230,'2019-06-16 09:35:17',8,505.645),(230,'2019-06-16 09:35:19',8,509.437),(230,'2019-06-16 09:35:21',8,513.027),(230,'2019-06-16 09:35:22',8,518.189),(230,'2019-06-16 09:35:24',8,521.475),(230,'2019-06-16 09:35:26',8,525.363),(230,'2019-06-16 09:35:28',8,526.707),(230,'2019-06-16 09:35:30',8,530.115),(230,'2019-06-16 09:35:32',8,533.316),(230,'2019-06-16 09:35:34',8,535.193),(230,'2019-06-16 09:35:36',8,537.973),(230,'2019-06-16 09:35:38',8,539.015),(230,'2019-06-16 09:35:40',8,540.783),(230,'2019-06-16 09:35:42',8,306.202),(230,'2019-06-16 09:35:44',8,132.019),(230,'2019-06-16 09:35:45',8,22.4615),(230,'2019-06-16 09:35:47',8,-17.7638),(231,'2019-06-16 09:36:21',8,-63.6641),(231,'2019-06-16 09:36:21',2,-70),(231,'2019-06-16 09:36:21',3,-22),(231,'2019-06-16 09:36:21',4,22),(231,'2019-06-16 09:36:21',5,-1724),(231,'2019-06-16 09:36:21',6,304),(231,'2019-06-16 09:36:21',7,17380),(231,'2019-06-16 09:36:21',1,28.6053),(231,'2019-06-16 09:36:21',2,-69),(231,'2019-06-16 09:36:21',3,-21),(231,'2019-06-16 09:36:21',4,23),(231,'2019-06-16 09:36:21',5,-1692),(231,'2019-06-16 09:36:21',6,248),(231,'2019-06-16 09:36:21',7,17304),(231,'2019-06-16 09:36:24',1,41.3453),(231,'2019-06-16 09:36:26',2,-70),(231,'2019-06-16 09:36:26',3,-20),(231,'2019-06-16 09:36:26',4,24),(231,'2019-06-16 09:36:26',5,-1700),(231,'2019-06-16 09:36:26',6,300),(231,'2019-06-16 09:36:26',7,17344),(231,'2019-06-16 09:36:30',8,118.78),(231,'2019-06-16 09:36:32',8,107.173),(231,'2019-06-16 09:36:34',8,97.1218),(231,'2019-06-16 09:36:36',8,89.3878),(232,'2019-06-16 09:38:28',8,-34.283),(232,'2019-06-16 09:38:28',2,-69),(232,'2019-06-16 09:38:28',3,-15),(232,'2019-06-16 09:38:28',4,18),(232,'2019-06-16 09:38:28',5,-1768),(232,'2019-06-16 09:38:28',6,60),(232,'2019-06-16 09:38:28',7,17520),(232,'2019-06-16 09:38:28',1,28.7752),(232,'2019-06-16 09:38:28',2,-69),(232,'2019-06-16 09:38:28',1,27.5861),(232,'2019-06-16 09:38:28',2,-68),(232,'2019-06-16 09:38:28',3,-19),(232,'2019-06-16 09:38:28',4,19),(232,'2019-06-16 09:38:28',5,-1728),(232,'2019-06-16 09:38:28',6,328),(232,'2019-06-16 09:38:28',7,17380),(232,'2019-06-16 09:38:31',1,62.9182),(232,'2019-06-16 09:38:35',2,-70),(232,'2019-06-16 09:38:36',3,-20),(232,'2019-06-16 09:38:36',4,21),(232,'2019-06-16 09:38:36',5,-1684),(232,'2019-06-16 09:38:36',6,340),(232,'2019-06-16 09:38:36',7,17364),(232,'2019-06-16 09:38:40',8,251.468),(232,'2019-06-16 09:38:40',1,27.9259),(232,'2019-06-16 09:38:40',2,-69),(232,'2019-06-16 09:38:40',3,-22),(232,'2019-06-16 09:38:40',4,20),(232,'2019-06-16 09:38:40',5,-1744),(232,'2019-06-16 09:38:40',6,316),(232,'2019-06-16 09:38:40',7,17352),(232,'2019-06-16 09:38:44',1,27.0765),(232,'2019-06-16 09:38:44',2,-68),(232,'2019-06-16 09:38:44',3,-20),(232,'2019-06-16 09:38:44',4,22),(232,'2019-06-16 09:38:44',5,-1680),(232,'2019-06-16 09:38:44',6,340),(232,'2019-06-16 09:38:44',7,17320),(232,'2019-06-16 09:38:47',1,34.7205),(232,'2019-06-16 09:38:47',2,-69),(232,'2019-06-16 09:38:47',3,-20),(232,'2019-06-16 09:38:47',4,22),(232,'2019-06-16 09:38:47',5,-1672),(232,'2019-06-16 09:38:47',6,336),(232,'2019-06-16 09:38:47',7,17384),(232,'2019-06-16 09:38:50',1,26.2272),(232,'2019-06-16 09:38:50',2,-71),(232,'2019-06-16 09:38:50',3,-19),(232,'2019-06-16 09:38:50',4,21),(232,'2019-06-16 09:38:50',5,-1684),(232,'2019-06-16 09:38:50',6,288),(232,'2019-06-16 09:38:50',7,17380),(232,'2019-06-16 09:38:53',1,31.1533),(232,'2019-06-16 09:38:53',2,-67),(232,'2019-06-16 09:38:53',3,-18),(232,'2019-06-16 09:38:53',4,18),(232,'2019-06-16 09:38:53',5,-1736),(232,'2019-06-16 09:38:53',6,252),(232,'2019-06-16 09:38:53',7,17412),(232,'2019-06-16 09:38:56',1,64.2771),(232,'2019-06-16 09:38:56',2,-68),(232,'2019-06-16 09:38:56',3,-21),(232,'2019-06-16 09:38:56',4,21),(232,'2019-06-16 09:38:56',5,-1736),(232,'2019-06-16 09:38:56',6,200),(232,'2019-06-16 09:38:56',7,17152),(232,'2019-06-16 09:38:59',1,25.208),(232,'2019-06-16 09:39:00',2,-69),(232,'2019-06-16 09:39:00',3,-21),(232,'2019-06-16 09:39:00',4,23),(232,'2019-06-16 09:39:00',5,-1652),(232,'2019-06-16 09:39:00',6,308),(232,'2019-06-16 09:39:00',7,17356),(232,'2019-06-16 09:39:03',1,29.6245),(232,'2019-06-16 09:39:03',2,-70),(232,'2019-06-16 09:39:03',3,-18),(232,'2019-06-16 09:39:03',4,22),(232,'2019-06-16 09:39:03',5,-1696),(232,'2019-06-16 09:39:03',6,424),(232,'2019-06-16 09:39:03',7,17416),(232,'2019-06-16 09:39:06',1,27.9259),(232,'2019-06-16 09:39:06',2,-70),(232,'2019-06-16 09:39:06',3,-21),(232,'2019-06-16 09:39:07',4,18),(232,'2019-06-16 09:39:07',5,-1708),(232,'2019-06-16 09:39:07',6,356),(232,'2019-06-16 09:39:07',7,17424),(232,'2019-06-16 09:39:10',1,47.1207),(232,'2019-06-16 09:39:10',2,-68),(232,'2019-06-16 09:39:10',3,-16),(232,'2019-06-16 09:39:10',4,21),(232,'2019-06-16 09:39:10',5,-1740),(232,'2019-06-16 09:39:10',6,348),(232,'2019-06-16 09:39:10',7,17420),(232,'2019-06-16 09:39:13',1,30.304),(232,'2019-06-16 09:39:13',2,-67),(232,'2019-06-16 09:39:13',3,-19),(232,'2019-06-16 09:39:13',4,21),(232,'2019-06-16 09:39:13',5,-1688),(232,'2019-06-16 09:39:13',6,288),(232,'2019-06-16 09:39:13',7,17348),(232,'2019-06-16 09:39:16',1,31.1533),(232,'2019-06-16 09:39:16',2,-68),(232,'2019-06-16 09:39:16',3,-21),(232,'2019-06-16 09:39:16',4,22),(232,'2019-06-16 09:39:16',5,-1652),(232,'2019-06-16 09:39:16',6,220),(232,'2019-06-16 09:39:16',7,17168),(232,'2019-06-16 09:39:19',1,31.493),(232,'2019-06-16 09:39:19',2,-69),(232,'2019-06-16 09:39:19',3,-19),(232,'2019-06-16 09:39:19',4,20),(232,'2019-06-16 09:39:19',5,-1652),(232,'2019-06-16 09:39:19',6,360),(232,'2019-06-16 09:39:19',7,17408),(233,'2019-06-16 09:40:15',8,295.605),(233,'2019-06-16 09:40:15',2,-72),(233,'2019-06-16 09:40:15',3,-20),(233,'2019-06-16 09:40:15',4,22),(233,'2019-06-16 09:40:15',5,-1636),(233,'2019-06-16 09:40:15',6,252),(233,'2019-06-16 09:40:15',7,17368),(233,'2019-06-16 09:40:15',1,29.9642),(233,'2019-06-16 09:40:15',2,-70),(233,'2019-06-16 09:40:15',3,-19),(233,'2019-06-16 09:40:15',4,22),(233,'2019-06-16 09:40:15',5,-1552),(233,'2019-06-16 09:40:17',6,412),(233,'2019-06-16 09:40:17',7,17292),(233,'2019-06-16 09:40:20',1,30.8136),(233,'2019-06-16 09:40:22',2,-68),(233,'2019-06-16 09:40:22',3,-22),(233,'2019-06-16 09:40:22',4,23),(233,'2019-06-16 09:40:22',5,-1744),(233,'2019-06-16 09:40:22',6,332),(233,'2019-06-16 09:40:22',7,17456),(233,'2019-06-16 09:40:25',1,30.6437),(233,'2019-06-16 09:40:27',2,-69),(233,'2019-06-16 09:40:31',3,-19),(233,'2019-06-16 09:40:33',4,20),(233,'2019-06-16 09:40:34',5,-1768),(233,'2019-06-16 09:40:36',6,356),(233,'2019-06-16 09:40:36',7,17412),(233,'2019-06-16 09:40:39',1,32.3424),(233,'2019-06-16 09:40:41',2,-69),(233,'2019-06-16 09:40:41',3,-18),(233,'2019-06-16 09:40:41',4,22),(233,'2019-06-16 09:40:41',5,-1760),(233,'2019-06-16 09:40:41',6,384),(233,'2019-06-16 09:40:41',7,17244),(233,'2019-06-16 09:40:44',1,30.8136),(233,'2019-06-16 09:40:44',2,-67),(233,'2019-06-16 09:40:44',3,-20),(233,'2019-06-16 09:40:44',4,20),(233,'2019-06-16 09:40:44',5,-1712),(233,'2019-06-16 09:40:44',6,260),(233,'2019-06-16 09:40:44',7,17168),(233,'2019-06-16 09:40:47',1,31.493),(233,'2019-06-16 09:40:47',2,-70),(233,'2019-06-16 09:40:47',3,-19),(233,'2019-06-16 09:40:47',4,25),(233,'2019-06-16 09:40:47',5,-1776),(233,'2019-06-16 09:40:47',6,344),(233,'2019-06-16 09:40:47',7,17380),(233,'2019-06-16 09:40:50',1,30.4738),(233,'2019-06-16 09:40:50',2,-71),(233,'2019-06-16 09:40:50',3,-18),(233,'2019-06-16 09:40:50',4,23),(233,'2019-06-16 09:40:50',5,-1788),(233,'2019-06-16 09:40:50',6,424),(233,'2019-06-16 09:40:50',7,17360),(233,'2019-06-16 09:40:53',1,36.4191),(233,'2019-06-16 09:40:53',2,-69),(233,'2019-06-16 09:40:53',3,-21),(233,'2019-06-16 09:40:53',4,21),(233,'2019-06-16 09:40:53',5,-1696),(233,'2019-06-16 09:40:53',6,312),(233,'2019-06-16 09:40:53',7,17416),(233,'2019-06-16 09:40:56',1,30.4738),(233,'2019-06-16 09:40:56',2,-70),(233,'2019-06-16 09:40:56',3,-19),(233,'2019-06-16 09:40:56',4,21),(233,'2019-06-16 09:40:56',5,-1744),(233,'2019-06-16 09:40:56',6,344),(233,'2019-06-16 09:40:56',7,17396),(233,'2019-06-16 09:40:59',1,30.304),(233,'2019-06-16 09:41:00',2,-70),(233,'2019-06-16 09:41:00',3,-24),(233,'2019-06-16 09:41:00',4,20),(233,'2019-06-16 09:41:00',5,-1716),(233,'2019-06-16 09:41:00',6,244),(233,'2019-06-16 09:41:00',7,17304),(233,'2019-06-16 09:41:03',1,29.9642),(233,'2019-06-16 09:41:03',2,-69),(233,'2019-06-16 09:41:03',3,-21),(233,'2019-06-16 09:41:03',4,19),(233,'2019-06-16 09:41:03',5,-1612),(233,'2019-06-16 09:41:03',6,364),(233,'2019-06-16 09:41:03',7,17624),(233,'2019-06-16 09:41:06',1,30.8136),(233,'2019-06-16 09:41:06',2,-70),(233,'2019-06-16 09:41:06',3,-22),(233,'2019-06-16 09:41:06',4,21),(233,'2019-06-16 09:41:06',5,-1628),(233,'2019-06-16 09:41:06',6,320),(233,'2019-06-16 09:41:06',7,17256),(233,'2019-06-16 09:41:09',1,30.6437),(233,'2019-06-16 09:41:09',2,-70),(233,'2019-06-16 09:41:09',3,-21),(233,'2019-06-16 09:41:09',4,22),(233,'2019-06-16 09:41:09',5,-1656),(233,'2019-06-16 09:41:09',6,292),(233,'2019-06-16 09:41:10',7,17420),(233,'2019-06-16 09:41:13',1,28.0957),(233,'2019-06-16 09:41:13',2,-70),(233,'2019-06-16 09:41:13',3,-18),(233,'2019-06-16 09:41:13',4,21),(233,'2019-06-16 09:41:13',5,-1716),(233,'2019-06-16 09:41:13',6,260),(233,'2019-06-16 09:41:13',7,17608),(233,'2019-06-16 09:41:16',1,31.1533),(233,'2019-06-16 09:41:18',2,-71),(233,'2019-06-16 09:41:18',3,-19),(233,'2019-06-16 09:41:20',4,24),(233,'2019-06-16 09:41:21',5,-1744),(233,'2019-06-16 09:41:21',6,352),(233,'2019-06-16 09:41:21',7,17288),(233,'2019-06-16 09:41:24',1,30.1341),(233,'2019-06-16 09:41:24',2,-68),(233,'2019-06-16 09:41:24',3,-20),(233,'2019-06-16 09:41:24',4,24),(233,'2019-06-16 09:41:24',5,-1696),(233,'2019-06-16 09:41:24',6,64),(233,'2019-06-16 09:41:24',7,17420),(233,'2019-06-16 09:41:27',1,66.8251),(233,'2019-06-16 09:41:28',2,-68),(233,'2019-06-16 09:41:28',3,-20),(233,'2019-06-16 09:41:28',4,26),(233,'2019-06-16 09:41:28',5,-1788),(233,'2019-06-16 09:41:28',6,500),(233,'2019-06-16 09:41:28',7,17388),(233,'2019-06-16 09:41:33',8,333.422),(233,'2019-06-16 09:41:33',1,31.8328),(233,'2019-06-16 09:41:33',2,-69),(233,'2019-06-16 09:41:33',3,-22),(233,'2019-06-16 09:41:33',4,22),(233,'2019-06-16 09:41:33',5,-1768),(233,'2019-06-16 09:41:33',6,272),(233,'2019-06-16 09:41:33',7,17296),(233,'2019-06-16 09:41:36',1,32.0026),(233,'2019-06-16 09:41:36',2,-69),(233,'2019-06-16 09:41:36',3,-19),(233,'2019-06-16 09:41:36',4,22),(233,'2019-06-16 09:41:36',5,-1584),(233,'2019-06-16 09:41:36',6,260),(233,'2019-06-16 09:41:36',7,17280),(233,'2019-06-16 09:41:39',1,30.4738),(233,'2019-06-16 09:41:39',2,-69),(233,'2019-06-16 09:41:39',3,-21),(233,'2019-06-16 09:41:39',4,22),(233,'2019-06-16 09:41:39',5,-1728),(233,'2019-06-16 09:41:39',6,368),(233,'2019-06-16 09:41:39',7,17324),(233,'2019-06-16 09:41:42',1,31.8328),(233,'2019-06-16 09:41:44',2,-69),(233,'2019-06-16 09:41:44',3,-20),(233,'2019-06-16 09:41:46',4,26),(233,'2019-06-16 09:41:47',5,-1644),(233,'2019-06-16 09:41:47',6,268),(233,'2019-06-16 09:41:47',7,17156),(233,'2019-06-16 09:41:50',1,31.3232),(233,'2019-06-16 09:41:50',2,-70),(233,'2019-06-16 09:41:50',3,-18),(233,'2019-06-16 09:41:50',4,25),(233,'2019-06-16 09:41:50',5,-1672),(233,'2019-06-16 09:41:50',6,336),(233,'2019-06-16 09:41:50',7,17416),(233,'2019-06-16 09:41:53',1,31.8328),(233,'2019-06-16 09:41:57',2,-69),(233,'2019-06-16 09:41:59',3,-17),(233,'2019-06-16 09:41:59',4,24),(233,'2019-06-16 09:41:59',5,-1672),(233,'2019-06-16 09:41:59',6,324),(233,'2019-06-16 09:41:59',7,17628),(233,'2019-06-16 09:42:02',1,30.9834),(233,'2019-06-16 09:42:02',2,-69),(233,'2019-06-16 09:42:03',3,-20),(233,'2019-06-16 09:42:03',4,22),(233,'2019-06-16 09:42:03',5,-1728),(233,'2019-06-16 09:42:03',6,368),(233,'2019-06-16 09:42:03',7,17152),(233,'2019-06-16 09:42:06',1,32.0026),(233,'2019-06-16 09:42:07',2,-70),(233,'2019-06-16 09:42:07',3,-18),(233,'2019-06-16 09:42:09',4,23),(233,'2019-06-16 09:42:09',5,-2016),(233,'2019-06-16 09:42:09',6,384),(233,'2019-06-16 09:42:09',7,17356),(233,'2019-06-16 09:42:12',1,30.8136),(233,'2019-06-16 09:42:12',2,-69),(233,'2019-06-16 09:42:12',3,-20),(233,'2019-06-16 09:42:12',4,20),(233,'2019-06-16 09:42:12',5,-1764),(233,'2019-06-16 09:42:12',6,368),(233,'2019-06-16 09:42:12',7,17248),(233,'2019-06-16 09:42:15',1,30.6437),(233,'2019-06-16 09:42:15',2,-68),(233,'2019-06-16 09:42:16',3,-20),(233,'2019-06-16 09:42:16',4,22),(233,'2019-06-16 09:42:16',5,-1708),(233,'2019-06-16 09:42:16',6,324),(233,'2019-06-16 09:42:16',7,17456),(234,'2019-06-16 09:44:16',8,168.37),(234,'2019-06-16 09:44:16',2,-68),(234,'2019-06-16 09:44:17',3,-19),(234,'2019-06-16 09:44:17',4,22),(234,'2019-06-16 09:44:17',5,-1696),(234,'2019-06-16 09:44:17',6,444),(234,'2019-06-16 09:44:17',7,17404),(234,'2019-06-16 09:44:17',1,28.2656),(234,'2019-06-16 09:44:17',2,-69),(234,'2019-06-16 09:44:17',3,-19),(234,'2019-06-16 09:44:20',4,21),(234,'2019-06-16 09:44:21',5,-1688),(234,'2019-06-16 09:44:21',6,304),(234,'2019-06-16 09:44:25',7,17224),(234,'2019-06-16 09:44:28',1,31.1533),(234,'2019-06-16 09:44:28',2,-69),(234,'2019-06-16 09:44:28',3,-19),(234,'2019-06-16 09:44:28',4,21),(234,'2019-06-16 09:44:28',5,-1696),(234,'2019-06-16 09:44:28',6,360),(234,'2019-06-16 09:44:28',7,17380),(234,'2019-06-16 09:44:31',1,64.7867),(234,'2019-06-16 09:44:33',2,-69),(234,'2019-06-16 09:44:33',3,-21),(234,'2019-06-16 09:44:33',4,22),(234,'2019-06-16 09:44:33',5,-1724),(234,'2019-06-16 09:44:33',6,48),(234,'2019-06-16 09:44:33',7,17396),(234,'2019-06-16 09:44:37',8,403.488),(234,'2019-06-16 09:44:37',1,29.4546),(234,'2019-06-16 09:44:37',2,-71),(234,'2019-06-16 09:44:37',3,-21),(234,'2019-06-16 09:44:37',4,23),(234,'2019-06-16 09:44:37',5,-1736),(234,'2019-06-16 09:44:37',6,284),(234,'2019-06-16 09:44:37',7,17264),(234,'2019-06-16 09:44:40',1,52.0468),(234,'2019-06-16 09:44:40',2,-71),(234,'2019-06-16 09:44:40',3,-22),(234,'2019-06-16 09:44:40',4,20),(234,'2019-06-16 09:44:40',5,-1716),(234,'2019-06-16 09:44:40',6,320),(234,'2019-06-16 09:44:40',7,17440),(234,'2019-06-16 09:44:43',1,30.1341),(234,'2019-06-16 09:44:43',2,-70),(234,'2019-06-16 09:44:43',3,-19),(234,'2019-06-16 09:44:43',4,21),(234,'2019-06-16 09:44:43',5,-1848),(234,'2019-06-16 09:44:43',6,328),(234,'2019-06-16 09:44:43',7,17168),(234,'2019-06-16 09:44:46',1,31.1533),(234,'2019-06-16 09:44:46',2,-71),(234,'2019-06-16 09:44:46',3,-18),(234,'2019-06-16 09:44:47',4,21),(234,'2019-06-16 09:44:47',5,-1708),(234,'2019-06-16 09:44:47',6,308),(234,'2019-06-16 09:44:47',7,17280),(234,'2019-06-16 09:44:50',1,31.3232),(234,'2019-06-16 09:44:50',2,-68),(234,'2019-06-16 09:44:50',3,-22),(234,'2019-06-16 09:44:50',4,21),(234,'2019-06-16 09:44:50',5,-1640),(234,'2019-06-16 09:44:50',6,332),(234,'2019-06-16 09:44:50',7,17256),(1,'2019-06-16 09:45:49',8,368.187),(1,'2019-06-16 09:45:52',8,365.856),(1,'2019-06-16 09:45:59',8,-35.6556),(1,'2019-06-16 09:46:29',8,21.6297),(1,'2019-06-16 09:46:36',8,470.386),(1,'2019-06-16 09:46:49',8,-9.83424),(1,'2019-06-16 09:46:52',8,-30.6734),(1,'2019-06-16 09:46:57',8,388.639),(235,'2019-06-16 09:55:43',8,74.0739),(235,'2019-06-16 09:55:43',2,-71),(235,'2019-06-16 09:55:43',3,-18),(235,'2019-06-16 09:55:43',4,18),(235,'2019-06-16 09:55:43',5,-1664),(235,'2019-06-16 09:55:43',6,368),(235,'2019-06-16 09:55:43',7,17328),(235,'2019-06-16 09:55:43',1,25.3779),(235,'2019-06-16 09:55:43',2,-69),(235,'2019-06-16 09:55:43',3,-21),(235,'2019-06-16 09:55:43',4,21),(235,'2019-06-16 09:55:43',5,-1640),(235,'2019-06-16 09:55:43',6,320),(235,'2019-06-16 09:55:43',7,17180),(235,'2019-06-16 09:55:46',1,25.0381),(235,'2019-06-16 09:55:47',2,-68),(235,'2019-06-16 09:55:47',3,-21),(235,'2019-06-16 09:55:47',4,25),(235,'2019-06-16 09:55:47',5,-1772),(235,'2019-06-16 09:55:47',6,280),(235,'2019-06-16 09:55:47',7,17336),(235,'2019-06-16 09:55:50',1,25.7176),(235,'2019-06-16 09:55:50',2,-70),(235,'2019-06-16 09:55:50',3,-19),(235,'2019-06-16 09:55:50',4,21),(235,'2019-06-16 09:55:50',5,-1712),(235,'2019-06-16 09:55:50',6,256),(235,'2019-06-16 09:55:50',7,17268),(236,'2019-06-16 10:07:07',8,489.996),(236,'2019-06-16 10:07:09',2,-70),(236,'2019-06-16 10:07:09',3,-22),(236,'2019-06-16 10:07:09',4,20),(236,'2019-06-16 10:07:09',5,-1696),(236,'2019-06-16 10:07:09',6,484),(236,'2019-06-16 10:07:09',7,17260),(236,'2019-06-16 10:07:09',1,24.1888),(236,'2019-06-16 10:07:09',2,-72),(236,'2019-06-16 10:07:09',3,-18),(236,'2019-06-16 10:07:10',4,19),(236,'2019-06-16 10:07:10',5,-1708),(236,'2019-06-16 10:07:10',6,364),(236,'2019-06-16 10:07:10',7,17316),(236,'2019-06-16 10:07:13',1,24.3587),(236,'2019-06-16 10:07:13',2,-68),(236,'2019-06-16 10:07:13',3,-20),(236,'2019-06-16 10:07:13',4,25),(236,'2019-06-16 10:07:13',5,-1764),(236,'2019-06-16 10:07:13',6,324),(236,'2019-06-16 10:07:13',7,17532),(236,'2019-06-16 10:07:16',1,23.6792),(236,'2019-06-16 10:07:16',2,-70),(236,'2019-06-16 10:07:16',3,-22),(236,'2019-06-16 10:07:16',4,25),(236,'2019-06-16 10:07:16',5,-1712),(236,'2019-06-16 10:07:16',6,332),(236,'2019-06-16 10:07:16',7,17640),(236,'2019-06-16 10:07:19',1,23.1696),(236,'2019-06-16 10:07:21',2,-70),(236,'2019-06-16 10:07:25',3,-22),(236,'2019-06-16 10:07:25',4,20),(236,'2019-06-16 10:07:25',5,-1628),(236,'2019-06-16 10:07:25',6,352),(236,'2019-06-16 10:07:25',7,17180),(236,'2019-06-16 10:07:28',1,27.4163),(236,'2019-06-16 10:07:28',2,-69),(236,'2019-06-16 10:07:28',3,-18),(236,'2019-06-16 10:07:28',4,22),(236,'2019-06-16 10:07:28',5,-1712),(236,'2019-06-16 10:07:28',6,308),(236,'2019-06-16 10:07:28',7,17336),(236,'2019-06-16 10:07:31',1,25.0381),(236,'2019-06-16 10:07:31',2,-71),(236,'2019-06-16 10:07:31',3,-20),(236,'2019-06-16 10:07:31',4,19),(236,'2019-06-16 10:07:31',5,-1716),(236,'2019-06-16 10:07:31',6,392),(236,'2019-06-16 10:07:32',7,17284),(236,'2019-06-16 10:07:35',1,25.208),(236,'2019-06-16 10:07:35',2,-70),(236,'2019-06-16 10:07:35',3,-18),(236,'2019-06-16 10:07:35',4,18),(236,'2019-06-16 10:07:35',5,-1700),(236,'2019-06-16 10:07:35',6,400),(236,'2019-06-16 10:07:35',7,17520),(236,'2019-06-16 10:07:38',1,43.3836),(236,'2019-06-16 10:07:40',2,-70),(236,'2019-06-16 10:07:41',3,-20),(236,'2019-06-16 10:07:41',4,20),(236,'2019-06-16 10:07:41',5,-1672),(236,'2019-06-16 10:07:41',6,436),(236,'2019-06-16 10:07:41',7,17312),(236,'2019-06-16 10:07:45',8,569.205),(236,'2019-06-16 10:07:46',1,26.9067),(236,'2019-06-16 10:07:46',2,-66),(236,'2019-06-16 10:07:47',8,482.692),(236,'2019-06-16 10:07:47',1,26.2272),(236,'2019-06-16 10:07:47',2,-70),(236,'2019-06-16 10:07:47',3,-20),(236,'2019-06-16 10:07:47',4,23),(236,'2019-06-16 10:07:48',5,-1740),(236,'2019-06-16 10:07:48',6,344),(236,'2019-06-16 10:07:48',7,17448),(236,'2019-06-16 10:07:52',8,491.362),(236,'2019-06-16 10:07:52',1,46.4412),(236,'2019-06-16 10:07:52',2,-71),(236,'2019-06-16 10:07:52',3,-22),(236,'2019-06-16 10:07:52',4,23),(236,'2019-06-16 10:07:52',5,-1732),(236,'2019-06-16 10:07:52',6,364),(236,'2019-06-16 10:07:54',7,17208),(236,'2019-06-16 10:08:02',8,541.092),(236,'2019-06-16 10:08:02',1,27.756),(236,'2019-06-16 10:08:02',2,-70),(236,'2019-06-16 10:08:04',8,458.343),(236,'2019-06-16 10:08:04',1,28.4355),(236,'2019-06-16 10:08:04',2,-70),(236,'2019-06-16 10:08:04',3,-19),(236,'2019-06-16 10:08:04',4,22),(236,'2019-06-16 10:08:04',5,-1716),(236,'2019-06-16 10:08:04',6,364),(236,'2019-06-16 10:08:04',7,17284),(236,'2019-06-16 10:08:08',8,462.522),(236,'2019-06-16 10:08:08',1,28.7752),(236,'2019-06-16 10:08:08',2,-68),(236,'2019-06-16 10:08:08',3,-20),(236,'2019-06-16 10:08:08',4,21),(236,'2019-06-16 10:08:08',5,-1664),(236,'2019-06-16 10:08:08',6,460),(236,'2019-06-16 10:08:08',7,17384),(236,'2019-06-16 10:08:13',8,463.712),(236,'2019-06-16 10:08:13',1,27.756),(236,'2019-06-16 10:08:13',2,-70),(236,'2019-06-16 10:08:13',3,-19),(236,'2019-06-16 10:08:13',4,23),(236,'2019-06-16 10:08:13',5,-2012),(236,'2019-06-16 10:08:13',6,376),(236,'2019-06-16 10:08:13',7,17192),(236,'2019-06-16 10:08:17',8,463.593),(236,'2019-06-16 10:08:17',1,29.6245),(236,'2019-06-16 10:08:17',2,-71),(236,'2019-06-16 10:08:17',3,-21),(236,'2019-06-16 10:08:17',4,21),(236,'2019-06-16 10:08:17',5,-2032),(236,'2019-06-16 10:08:17',6,352),(236,'2019-06-16 10:08:17',7,17464),(236,'2019-06-16 10:08:22',8,462.683),(236,'2019-06-16 10:08:22',1,66.4854),(236,'2019-06-16 10:08:22',2,-69),(236,'2019-06-16 10:08:22',3,-19),(236,'2019-06-16 10:08:22',4,25),(236,'2019-06-16 10:08:22',5,-1736),(236,'2019-06-16 10:08:22',6,364),(236,'2019-06-16 10:08:22',7,17288),(236,'2019-06-16 10:08:26',8,517.759),(236,'2019-06-16 10:08:27',1,30.1341),(236,'2019-06-16 10:08:27',2,-67),(236,'2019-06-16 10:08:27',3,-20),(236,'2019-06-16 10:08:27',4,19),(236,'2019-06-16 10:08:27',5,-1756),(236,'2019-06-16 10:08:27',6,304),(236,'2019-06-16 10:08:27',7,17392),(236,'2019-06-16 10:08:31',8,498.18),(236,'2019-06-16 10:08:31',1,32.0026),(236,'2019-06-16 10:08:31',2,-68),(236,'2019-06-16 10:08:31',3,-21),(236,'2019-06-16 10:08:31',4,19),(236,'2019-06-16 10:08:31',5,-1724),(236,'2019-06-16 10:08:31',6,392),(236,'2019-06-16 10:08:31',7,17332),(236,'2019-06-16 10:08:36',8,481.669),(236,'2019-06-16 10:08:36',1,36.4191),(236,'2019-06-16 10:08:36',2,-70),(236,'2019-06-16 10:08:36',3,-22),(236,'2019-06-16 10:08:36',4,18),(236,'2019-06-16 10:08:36',5,-1676),(236,'2019-06-16 10:08:36',6,340),(236,'2019-06-16 10:08:36',7,17288),(236,'2019-06-16 10:08:40',8,289.502),(236,'2019-06-16 10:08:40',1,31.8328),(236,'2019-06-16 10:08:40',2,-69),(236,'2019-06-16 10:08:40',3,-20),(236,'2019-06-16 10:08:40',4,22),(236,'2019-06-16 10:08:40',5,-1648),(236,'2019-06-16 10:08:40',6,444),(236,'2019-06-16 10:08:40',7,17644),(236,'2019-06-16 10:08:43',1,31.8328),(236,'2019-06-16 10:08:43',2,-67),(236,'2019-06-16 10:08:43',3,-20),(236,'2019-06-16 10:08:43',4,22),(236,'2019-06-16 10:08:43',5,-1600),(236,'2019-06-16 10:08:43',6,432),(236,'2019-06-16 10:08:44',7,17152),(236,'2019-06-16 10:08:47',1,32.1725),(236,'2019-06-16 10:08:47',2,-68),(236,'2019-06-16 10:08:47',3,-20),(236,'2019-06-16 10:08:47',4,20),(236,'2019-06-16 10:08:47',5,-1736),(236,'2019-06-16 10:08:47',6,376),(236,'2019-06-16 10:08:47',7,17620),(236,'2019-06-16 10:08:50',1,30.4738),(236,'2019-06-16 10:08:50',2,-69),(236,'2019-06-16 10:08:50',3,-21),(236,'2019-06-16 10:08:50',4,22),(236,'2019-06-16 10:08:50',5,-1660),(236,'2019-06-16 10:08:50',6,348),(236,'2019-06-16 10:08:50',7,17444),(236,'2019-06-16 10:08:53',1,31.1533),(236,'2019-06-16 10:08:54',2,-70),(236,'2019-06-16 10:08:54',3,-19),(236,'2019-06-16 10:08:54',4,24),(236,'2019-06-16 10:08:54',5,-1884),(236,'2019-06-16 10:08:54',6,-228),(236,'2019-06-16 10:08:54',7,17512),(236,'2019-06-16 10:08:57',1,31.1533),(236,'2019-06-16 10:08:57',2,-69),(236,'2019-06-16 10:08:57',3,-19),(236,'2019-06-16 10:08:57',4,19),(236,'2019-06-16 10:08:57',5,-1736),(236,'2019-06-16 10:08:57',6,332),(236,'2019-06-16 10:08:57',7,17424),(236,'2019-06-16 10:09:00',1,30.9834),(236,'2019-06-16 10:09:00',2,-70),(236,'2019-06-16 10:09:00',3,-21),(236,'2019-06-16 10:09:00',4,21),(236,'2019-06-16 10:09:00',5,-2024),(236,'2019-06-16 10:09:00',6,436),(236,'2019-06-16 10:09:00',7,17544),(236,'2019-06-16 10:09:03',1,30.6437),(236,'2019-06-16 10:09:03',2,-68),(236,'2019-06-16 10:09:03',3,-15),(236,'2019-06-16 10:09:03',4,23),(236,'2019-06-16 10:09:03',5,-504),(236,'2019-06-16 10:09:03',6,832),(236,'2019-06-16 10:09:03',7,17552),(236,'2019-06-16 10:09:06',1,30.304),(236,'2019-06-16 10:09:07',2,-64),(236,'2019-06-16 10:09:07',3,-28),(236,'2019-06-16 10:09:07',4,20),(236,'2019-06-16 10:09:07',5,-496),(236,'2019-06-16 10:09:07',6,792),(236,'2019-06-16 10:09:07',7,17592),(236,'2019-06-16 10:09:10',1,30.9834),(236,'2019-06-16 10:09:10',2,-70),(236,'2019-06-16 10:09:11',3,65),(236,'2019-06-16 10:09:11',4,13),(236,'2019-06-16 10:09:11',5,-48),(236,'2019-06-16 10:09:11',6,924),(236,'2019-06-16 10:09:11',7,17364),(236,'2019-06-16 10:09:15',1,30.9834),(236,'2019-06-16 10:09:15',2,-68),(236,'2019-06-16 10:09:15',3,-17),(236,'2019-06-16 10:09:15',4,28),(236,'2019-06-16 10:09:15',5,-1836),(236,'2019-06-16 10:09:15',6,284),(236,'2019-06-16 10:09:15',7,17264),(236,'2019-06-16 10:09:18',1,30.9834),(236,'2019-06-16 10:09:18',2,-69),(236,'2019-06-16 10:09:18',3,-20),(236,'2019-06-16 10:09:18',4,16),(236,'2019-06-16 10:09:18',5,-1752),(236,'2019-06-16 10:09:18',6,368),(236,'2019-06-16 10:09:18',7,17188),(236,'2019-06-16 10:09:21',1,30.8136),(236,'2019-06-16 10:09:21',2,-105),(236,'2019-06-16 10:09:21',3,6),(236,'2019-06-16 10:09:21',4,6),(236,'2019-06-16 10:09:21',5,-736),(236,'2019-06-16 10:09:21',6,-1764),(236,'2019-06-16 10:09:21',7,17564),(236,'2019-06-16 10:09:24',1,31.1533),(236,'2019-06-16 10:09:26',2,-69),(236,'2019-06-16 10:09:26',3,-14),(236,'2019-06-16 10:09:28',4,19),(236,'2019-06-16 10:09:28',5,220),(236,'2019-06-16 10:09:28',6,976),(236,'2019-06-16 10:09:28',7,17540),(236,'2019-06-16 10:09:31',1,31.1533),(236,'2019-06-16 10:09:33',2,-71),(236,'2019-06-16 10:09:33',3,-29),(236,'2019-06-16 10:09:34',4,23),(236,'2019-06-16 10:09:35',5,732),(236,'2019-06-16 10:09:35',6,1172),(236,'2019-06-16 10:09:35',7,17436),(236,'2019-06-16 10:09:38',1,30.6437),(236,'2019-06-16 10:09:38',2,-71),(236,'2019-06-16 10:09:38',3,-4),(236,'2019-06-16 10:09:38',4,18),(236,'2019-06-16 10:09:38',5,620),(236,'2019-06-16 10:09:38',6,1256),(236,'2019-06-16 10:09:38',7,17348),(236,'2019-06-16 10:09:41',1,29.7944),(236,'2019-06-16 10:09:41',2,-68),(236,'2019-06-16 10:09:41',3,-20),(236,'2019-06-16 10:09:41',4,22),(236,'2019-06-16 10:09:41',5,540),(236,'2019-06-16 10:09:41',6,1084),(236,'2019-06-16 10:09:42',7,17460),(236,'2019-06-16 10:09:45',1,42.874),(236,'2019-06-16 10:09:45',2,-69),(236,'2019-06-16 10:09:45',3,-20),(236,'2019-06-16 10:09:45',4,21),(236,'2019-06-16 10:09:45',5,496),(236,'2019-06-16 10:09:45',6,1008),(236,'2019-06-16 10:09:45',7,17524),(236,'2019-06-16 10:09:48',1,30.4738),(236,'2019-06-16 10:09:48',2,-89),(236,'2019-06-16 10:09:48',3,39),(236,'2019-06-16 10:09:48',4,19),(236,'2019-06-16 10:09:48',5,-840),(236,'2019-06-16 10:09:48',6,624),(236,'2019-06-16 10:09:48',7,17224),(236,'2019-06-16 10:09:51',1,29.1149),(236,'2019-06-16 10:09:51',2,-69),(236,'2019-06-16 10:09:51',3,-22),(236,'2019-06-16 10:09:51',4,19),(236,'2019-06-16 10:09:51',5,-1772),(236,'2019-06-16 10:09:51',6,380),(236,'2019-06-16 10:09:51',7,17644),(236,'2019-06-16 10:09:54',1,30.1341),(236,'2019-06-16 10:09:56',2,-67),(236,'2019-06-16 10:09:56',3,11),(236,'2019-06-16 10:09:58',4,22),(236,'2019-06-16 10:09:58',5,-4460),(236,'2019-06-16 10:09:58',6,-280),(236,'2019-06-16 10:09:58',7,16732),(236,'2019-06-16 10:10:01',1,43.2138),(236,'2019-06-16 10:10:01',2,0),(236,'2019-06-16 10:10:01',3,-362),(236,'2019-06-16 10:10:01',4,34),(236,'2019-06-16 10:10:01',5,-588),(236,'2019-06-16 10:10:01',6,752),(236,'2019-06-16 10:10:01',7,16752),(236,'2019-06-16 10:10:04',1,30.4738),(236,'2019-06-16 10:10:04',2,5),(236,'2019-06-16 10:10:04',3,-35),(236,'2019-06-16 10:10:04',4,78),(236,'2019-06-16 10:10:04',5,-2192),(236,'2019-06-16 10:10:04',6,4052),(236,'2019-06-16 10:10:04',7,16792),(236,'2019-06-16 10:10:07',1,31.3232),(236,'2019-06-16 10:10:07',2,-71),(236,'2019-06-16 10:10:07',3,-20),(236,'2019-06-16 10:10:07',4,21),(236,'2019-06-16 10:10:07',5,-1740),(236,'2019-06-16 10:10:07',6,316),(236,'2019-06-16 10:10:07',7,17448),(236,'2019-06-16 10:10:10',1,31.1533),(236,'2019-06-16 10:10:10',2,-69),(236,'2019-06-16 10:10:10',3,-22),(236,'2019-06-16 10:10:10',4,20),(236,'2019-06-16 10:10:10',5,-1768),(236,'2019-06-16 10:10:10',6,412),(236,'2019-06-16 10:10:11',7,17444),(236,'2019-06-16 10:10:14',1,32.0026),(236,'2019-06-16 10:10:14',2,-70),(236,'2019-06-16 10:10:14',3,-21),(236,'2019-06-16 10:10:14',4,22),(236,'2019-06-16 10:10:14',5,-1760),(236,'2019-06-16 10:10:14',6,204),(236,'2019-06-16 10:10:14',7,17284),(236,'2019-06-16 10:10:17',1,31.3232),(236,'2019-06-16 10:10:17',2,-70),(236,'2019-06-16 10:10:17',3,-24),(236,'2019-06-16 10:10:17',4,23),(236,'2019-06-16 10:10:17',5,-1808),(236,'2019-06-16 10:10:17',6,320),(236,'2019-06-16 10:10:17',7,17328),(1,'2019-06-16 10:10:27',8,-17.5031),(237,'2019-06-16 10:27:30',8,301.806),(237,'2019-06-16 10:27:30',2,-67),(237,'2019-06-16 10:27:30',3,-19),(237,'2019-06-16 10:27:30',4,21),(237,'2019-06-16 10:27:30',5,-1792),(237,'2019-06-16 10:27:30',6,480),(237,'2019-06-16 10:27:30',7,17272),(237,'2019-06-16 10:27:30',1,25.208),(237,'2019-06-16 10:27:30',2,-70),(237,'2019-06-16 10:27:30',3,-15),(237,'2019-06-16 10:27:30',4,19),(237,'2019-06-16 10:27:30',5,-1748),(237,'2019-06-16 10:27:30',6,376),(237,'2019-06-16 10:27:30',7,17532),(237,'2019-06-16 10:27:33',1,24.5285),(237,'2019-06-16 10:27:34',2,-71),(237,'2019-06-16 10:27:34',3,-19),(237,'2019-06-16 10:27:36',4,21),(237,'2019-06-16 10:27:36',5,-1740),(237,'2019-06-16 10:27:36',6,368),(237,'2019-06-16 10:27:36',7,17476),(237,'2019-06-16 10:27:39',1,26.9067),(237,'2019-06-16 10:27:39',2,-69),(237,'2019-06-16 10:27:39',3,-25),(237,'2019-06-16 10:27:39',4,24),(237,'2019-06-16 10:27:39',5,-1816),(237,'2019-06-16 10:27:39',6,304),(237,'2019-06-16 10:27:39',7,17464),(237,'2019-06-16 10:27:42',1,25.3779),(237,'2019-06-16 10:27:45',2,-70),(237,'2019-06-16 10:27:45',3,-22),(237,'2019-06-16 10:27:46',4,19),(237,'2019-06-16 10:27:47',5,-2048),(237,'2019-06-16 10:27:47',6,404),(237,'2019-06-16 10:27:47',7,17364),(237,'2019-06-16 10:27:50',1,26.3971),(237,'2019-06-16 10:27:50',2,-70),(237,'2019-06-16 10:27:50',3,-17),(237,'2019-06-16 10:27:50',4,21),(237,'2019-06-16 10:27:50',5,-1712),(237,'2019-06-16 10:27:50',6,444),(237,'2019-06-16 10:27:50',7,17248),(237,'2019-06-16 10:27:53',1,26.9067),(237,'2019-06-16 10:27:53',2,-72),(237,'2019-06-16 10:27:53',3,-20),(237,'2019-06-16 10:27:53',4,22),(237,'2019-06-16 10:27:53',5,-1676),(237,'2019-06-16 10:27:53',6,264),(237,'2019-06-16 10:27:53',7,17628),(238,'2019-06-16 12:57:19',8,456.993),(238,'2019-06-16 12:57:19',2,-69),(238,'2019-06-16 12:57:19',3,-23),(238,'2019-06-16 12:57:19',4,22),(238,'2019-06-16 12:57:19',5,-1764),(238,'2019-06-16 12:57:19',6,380),(238,'2019-06-16 12:57:19',7,17368),(238,'2019-06-16 12:57:19',1,23.1696),(238,'2019-06-16 12:57:19',2,-68),(238,'2019-06-16 12:57:19',3,-27),(238,'2019-06-16 12:57:19',4,21),(238,'2019-06-16 12:57:19',5,-1580),(238,'2019-06-16 12:57:19',6,416),(238,'2019-06-16 12:57:19',7,17484),(238,'2019-06-16 12:57:22',1,22.66),(238,'2019-06-16 12:57:25',2,-70),(238,'2019-06-16 12:57:25',3,-23),(238,'2019-06-16 12:57:27',4,19),(238,'2019-06-16 12:57:28',5,-1716),(238,'2019-06-16 12:57:28',6,376),(238,'2019-06-16 12:57:28',7,17324),(238,'2019-06-16 12:57:31',1,22.66),(238,'2019-06-16 12:57:31',2,-71),(238,'2019-06-16 12:57:31',3,-22),(238,'2019-06-16 12:57:31',4,19),(238,'2019-06-16 12:57:31',5,-1736),(238,'2019-06-16 12:57:31',6,356),(238,'2019-06-16 12:57:31',7,17436),(238,'2019-06-16 12:57:34',1,22.8299),(238,'2019-06-16 12:57:35',2,-70),(238,'2019-06-16 12:57:35',3,-25),(238,'2019-06-16 12:57:35',4,19),(238,'2019-06-16 12:57:35',5,-1776),(238,'2019-06-16 12:57:35',6,404),(238,'2019-06-16 12:57:35',7,17228),(238,'2019-06-16 12:57:38',1,23.1696),(238,'2019-06-16 12:57:39',2,-70),(238,'2019-06-16 12:57:39',3,-23),(238,'2019-06-16 12:57:39',4,18),(238,'2019-06-16 12:57:39',5,-1660),(238,'2019-06-16 12:57:39',6,392),(238,'2019-06-16 12:57:39',7,17476),(239,'2019-06-16 14:04:48',8,453.826),(239,'2019-06-16 14:04:48',2,-71),(239,'2019-06-16 14:04:48',3,-25),(239,'2019-06-16 14:04:48',4,20),(239,'2019-06-16 14:04:48',5,-1804),(239,'2019-06-16 14:04:48',6,440),(239,'2019-06-16 14:04:48',7,17316),(239,'2019-06-16 14:04:48',1,22.9997),(239,'2019-06-16 14:04:48',2,-71),(239,'2019-06-16 14:04:48',3,-24),(239,'2019-06-16 14:04:48',4,18),(239,'2019-06-16 14:04:48',5,-1768),(239,'2019-06-16 14:04:48',6,380),(239,'2019-06-16 14:04:48',7,17484),(240,'2019-06-16 14:15:32',8,427.488),(240,'2019-06-16 14:15:34',2,-67),(240,'2019-06-16 14:15:35',3,-20),(240,'2019-06-16 14:15:35',4,19),(240,'2019-06-16 14:15:35',5,-1724),(240,'2019-06-16 14:15:35',6,464),(240,'2019-06-16 14:15:35',7,17340),(240,'2019-06-16 14:15:35',1,23.5093),(240,'2019-06-16 14:15:35',2,-71),(240,'2019-06-16 14:15:35',3,-25),(240,'2019-06-16 14:15:35',4,18),(240,'2019-06-16 14:15:35',5,-2032),(240,'2019-06-16 14:15:35',6,484),(240,'2019-06-16 14:15:35',7,17292),(241,'2019-06-16 14:17:39',8,429.716),(241,'2019-06-16 14:17:39',2,-71),(241,'2019-06-16 14:17:39',3,-22),(241,'2019-06-16 14:17:39',4,20),(241,'2019-06-16 14:17:39',5,-1988),(241,'2019-06-16 14:17:39',6,496),(241,'2019-06-16 14:17:39',7,17532),(242,'2019-06-16 14:27:03',8,415.388),(242,'2019-06-16 14:27:06',2,-71),(242,'2019-06-16 14:27:08',3,-22),(242,'2019-06-16 14:27:08',4,18),(242,'2019-06-16 14:27:08',5,-1748),(242,'2019-06-16 14:27:08',6,428),(242,'2019-06-16 14:27:08',7,17508),(243,'2019-06-16 14:30:24',8,413.429),(243,'2019-06-16 14:30:25',2,-69),(243,'2019-06-16 14:30:27',3,-23),(243,'2019-06-16 14:30:27',4,21),(243,'2019-06-16 14:30:27',5,-1868),(243,'2019-06-16 14:30:27',6,416),(243,'2019-06-16 14:30:27',7,17584),(243,'2019-06-16 14:30:27',1,22.66),(243,'2019-06-16 14:30:28',2,-70),(243,'2019-06-16 14:30:28',3,-24),(243,'2019-06-16 14:30:28',4,22),(243,'2019-06-16 14:30:28',5,-1564),(243,'2019-06-16 14:30:28',6,356),(243,'2019-06-16 14:30:28',7,17656),(243,'2019-06-16 14:30:31',1,23.5093),(243,'2019-06-16 14:30:31',2,-70),(243,'2019-06-16 14:30:31',3,-19),(243,'2019-06-16 14:30:31',4,18),(243,'2019-06-16 14:30:31',5,-1812),(243,'2019-06-16 14:30:31',6,504),(243,'2019-06-16 14:30:31',7,17640),(243,'2019-06-16 14:30:34',1,22.66),(243,'2019-06-16 14:30:34',2,-71),(243,'2019-06-16 14:30:34',3,-20),(243,'2019-06-16 14:30:34',4,22),(243,'2019-06-16 14:30:34',5,-1972),(243,'2019-06-16 14:30:34',6,388),(243,'2019-06-16 14:30:34',7,17160),(243,'2019-06-16 14:30:37',1,22.9997),(243,'2019-06-16 14:30:37',2,-70),(243,'2019-06-16 14:30:37',3,-25),(243,'2019-06-16 14:30:37',4,20),(243,'2019-06-16 14:30:37',5,-1820),(243,'2019-06-16 14:30:37',6,416),(243,'2019-06-16 14:30:37',7,17492),(243,'2019-06-16 14:30:40',1,22.9997),(243,'2019-06-16 14:30:40',2,-68),(243,'2019-06-16 14:30:40',3,-21),(243,'2019-06-16 14:30:40',4,19),(243,'2019-06-16 14:30:40',5,-1776),(243,'2019-06-16 14:30:40',6,580),(243,'2019-06-16 14:30:40',7,17476),(243,'2019-06-16 14:30:43',1,23.5093),(243,'2019-06-16 14:30:43',2,-70),(243,'2019-06-16 14:30:43',3,-22),(243,'2019-06-16 14:30:43',4,18),(243,'2019-06-16 14:30:43',5,-1564),(243,'2019-06-16 14:30:43',6,484),(243,'2019-06-16 14:30:43',7,17392),(243,'2019-06-16 14:30:46',1,22.9997),(243,'2019-06-16 14:30:46',2,-70),(243,'2019-06-16 14:30:46',3,-22),(243,'2019-06-16 14:30:46',4,23),(243,'2019-06-16 14:30:46',5,-1588),(243,'2019-06-16 14:30:46',6,436),(243,'2019-06-16 14:30:46',7,17420),(243,'2019-06-16 14:30:49',1,22.8299),(243,'2019-06-16 14:30:49',2,-71),(243,'2019-06-16 14:30:49',3,-20),(243,'2019-06-16 14:30:49',4,19),(243,'2019-06-16 14:30:49',5,-1720),(243,'2019-06-16 14:30:49',6,380),(243,'2019-06-16 14:30:51',7,17244),(243,'2019-06-16 14:30:54',1,23.1696),(243,'2019-06-16 14:30:56',2,-70),(243,'2019-06-16 14:30:56',3,-21),(243,'2019-06-16 14:30:58',4,18),(243,'2019-06-16 14:31:00',5,-1712),(243,'2019-06-16 14:31:02',6,404),(243,'2019-06-16 14:31:03',7,17656),(243,'2019-06-16 14:31:08',1,23.1696),(243,'2019-06-16 14:31:08',2,-71),(243,'2019-06-16 14:31:08',3,-20),(243,'2019-06-16 14:31:08',4,23),(243,'2019-06-16 14:31:08',5,-1560),(243,'2019-06-16 14:31:08',6,384),(243,'2019-06-16 14:31:08',7,17456),(243,'2019-06-16 14:31:11',1,22.9997),(243,'2019-06-16 14:31:11',2,-68),(243,'2019-06-16 14:31:11',3,-21),(243,'2019-06-16 14:31:11',4,16),(243,'2019-06-16 14:31:11',5,-1748),(243,'2019-06-16 14:31:11',6,356),(243,'2019-06-16 14:31:11',7,17276),(243,'2019-06-16 14:31:14',1,22.9997),(243,'2019-06-16 14:31:14',2,-68),(243,'2019-06-16 14:31:14',3,-22),(243,'2019-06-16 14:31:14',4,22),(243,'2019-06-16 14:31:14',5,-1844),(243,'2019-06-16 14:31:14',6,404),(243,'2019-06-16 14:31:14',7,17344),(243,'2019-06-16 14:31:17',1,23.1696),(243,'2019-06-16 14:31:17',2,-71),(243,'2019-06-16 14:31:17',3,-23),(243,'2019-06-16 14:31:17',4,19),(243,'2019-06-16 14:31:17',5,-1756),(243,'2019-06-16 14:31:17',6,456),(243,'2019-06-16 14:31:17',7,17440),(243,'2019-06-16 14:31:20',1,22.9997),(243,'2019-06-16 14:31:20',2,-72),(243,'2019-06-16 14:31:21',3,-21),(243,'2019-06-16 14:31:21',4,20),(243,'2019-06-16 14:31:21',5,-1804),(243,'2019-06-16 14:31:21',6,428),(243,'2019-06-16 14:31:21',7,17400),(243,'2019-06-16 14:31:24',1,23.1696),(243,'2019-06-16 14:31:24',2,-70),(243,'2019-06-16 14:31:24',3,-24),(243,'2019-06-16 14:31:24',4,20),(243,'2019-06-16 14:31:24',5,-1540),(243,'2019-06-16 14:31:24',6,432),(243,'2019-06-16 14:31:24',7,17384),(243,'2019-06-16 14:31:27',1,22.9997),(243,'2019-06-16 14:31:27',2,-71),(243,'2019-06-16 14:31:27',3,-21),(243,'2019-06-16 14:31:27',4,18),(243,'2019-06-16 14:31:27',5,-1716),(243,'2019-06-16 14:31:27',6,452),(243,'2019-06-16 14:31:27',7,17452),(243,'2019-06-16 14:31:30',1,22.8299),(243,'2019-06-16 14:31:32',2,-68),(243,'2019-06-16 14:31:36',3,-21),(243,'2019-06-16 14:31:38',4,22),(243,'2019-06-16 14:31:38',5,-1620),(243,'2019-06-16 14:31:38',6,416),(243,'2019-06-16 14:31:38',7,17352),(243,'2019-06-16 14:31:41',1,23.1696),(243,'2019-06-16 14:31:43',2,-69),(243,'2019-06-16 14:31:43',3,-22),(243,'2019-06-16 14:31:43',4,19),(243,'2019-06-16 14:31:43',5,-1776),(243,'2019-06-16 14:31:43',6,452),(243,'2019-06-16 14:31:43',7,17468),(243,'2019-06-16 14:31:46',1,23.5093),(243,'2019-06-16 14:31:46',2,-71),(243,'2019-06-16 14:31:46',3,-23),(243,'2019-06-16 14:31:46',4,19),(243,'2019-06-16 14:31:46',5,-1768),(243,'2019-06-16 14:31:46',6,384),(243,'2019-06-16 14:31:46',7,17504),(244,'2019-06-16 16:47:15',8,513.476),(244,'2019-06-16 16:47:15',2,-70),(244,'2019-06-16 16:47:15',3,-24),(244,'2019-06-16 16:47:15',4,18),(244,'2019-06-16 16:47:15',5,-1768),(244,'2019-06-16 16:47:15',6,464),(244,'2019-06-16 16:47:15',7,17376),(244,'2019-06-16 16:47:15',1,22.66),(244,'2019-06-16 16:47:15',2,-72),(244,'2019-06-16 16:47:15',3,-29),(244,'2019-06-16 16:47:15',4,21),(244,'2019-06-16 16:47:15',5,-1596),(244,'2019-06-16 16:47:15',6,388),(244,'2019-06-16 16:47:15',7,17528),(244,'2019-06-16 16:47:19',1,22.8299),(244,'2019-06-16 16:47:20',2,-70),(244,'2019-06-16 16:47:22',3,-22),(244,'2019-06-16 16:47:24',4,17),(244,'2019-06-16 16:47:24',5,-1720),(244,'2019-06-16 16:47:24',6,412),(244,'2019-06-16 16:47:24',7,17248),(245,'2019-06-16 16:49:17',8,505.275),(245,'2019-06-16 16:49:17',2,-68),(245,'2019-06-16 16:49:17',3,-21),(245,'2019-06-16 16:49:17',4,20),(245,'2019-06-16 16:49:17',5,-1828),(245,'2019-06-16 16:49:17',6,444),(245,'2019-06-16 16:49:17',7,17516),(245,'2019-06-16 16:49:17',1,23.1696),(245,'2019-06-16 16:49:17',2,-72),(245,'2019-06-16 16:49:17',3,-28),(245,'2019-06-16 16:49:17',4,20),(245,'2019-06-16 16:49:17',5,-1764),(245,'2019-06-16 16:49:17',6,396),(245,'2019-06-16 16:49:17',7,17460),(245,'2019-06-16 16:49:20',1,22.9997),(245,'2019-06-16 16:49:22',2,-72),(245,'2019-06-16 16:49:23',3,-24),(245,'2019-06-16 16:49:26',4,20),(245,'2019-06-16 16:49:26',5,-1776),(245,'2019-06-16 16:49:26',6,484),(245,'2019-06-16 16:49:26',7,17324),(246,'2019-06-16 16:51:42',8,498.771),(246,'2019-06-16 16:51:43',2,-70),(246,'2019-06-16 16:51:43',3,-22),(246,'2019-06-16 16:51:43',4,20),(246,'2019-06-16 16:51:43',5,-1740),(246,'2019-06-16 16:51:43',6,420),(246,'2019-06-16 16:51:43',7,17320),(246,'2019-06-16 16:51:43',1,22.9997),(246,'2019-06-16 16:51:43',2,-71),(246,'2019-06-16 16:51:43',3,-22),(246,'2019-06-16 16:51:43',4,20),(246,'2019-06-16 16:51:43',5,-1864),(246,'2019-06-16 16:51:43',6,364),(246,'2019-06-16 16:51:43',7,17440),(247,'2019-06-16 16:55:58',8,486.248),(247,'2019-06-16 16:56:01',2,-68),(247,'2019-06-16 16:56:03',3,-24),(247,'2019-06-16 16:56:03',4,17),(247,'2019-06-16 16:56:03',5,-1840),(247,'2019-06-16 16:56:03',6,508),(247,'2019-06-16 16:56:03',7,17524),(247,'2019-06-16 16:56:03',1,23.1696),(247,'2019-06-16 16:56:03',2,-72),(247,'2019-06-16 16:56:03',3,-20),(247,'2019-06-16 16:56:03',4,19),(247,'2019-06-16 16:56:03',5,-1812),(247,'2019-06-16 16:56:03',6,340),(247,'2019-06-16 16:56:03',7,17444),(247,'2019-06-16 16:56:06',1,23.1696),(247,'2019-06-16 16:56:06',2,-70),(247,'2019-06-16 16:56:06',3,-17),(247,'2019-06-16 16:56:06',4,17),(247,'2019-06-16 16:56:06',5,-1724),(247,'2019-06-16 16:56:06',6,440),(247,'2019-06-16 16:56:07',7,17348),(247,'2019-06-16 16:56:10',1,22.9997),(247,'2019-06-16 16:56:10',2,-71),(247,'2019-06-16 16:56:10',3,-20),(247,'2019-06-16 16:56:10',4,18),(247,'2019-06-16 16:56:10',5,-1848),(247,'2019-06-16 16:56:10',6,420),(247,'2019-06-16 16:56:10',7,17440),(247,'2019-06-16 16:56:13',1,23.1696),(247,'2019-06-16 16:56:14',2,-71),(247,'2019-06-16 16:56:14',3,-24),(247,'2019-06-16 16:56:14',4,20),(247,'2019-06-16 16:56:14',5,-1780),(247,'2019-06-16 16:56:14',6,340),(247,'2019-06-16 16:56:14',7,17388),(247,'2019-06-16 16:56:17',1,22.9997),(247,'2019-06-16 16:56:17',2,-67),(247,'2019-06-16 16:56:17',3,-27),(247,'2019-06-16 16:56:17',4,19),(247,'2019-06-16 16:56:17',5,-1744),(247,'2019-06-16 16:56:17',6,500),(247,'2019-06-16 16:56:17',7,17384),(247,'2019-06-16 16:56:20',1,22.9997),(247,'2019-06-16 16:56:20',2,-72),(247,'2019-06-16 16:56:20',3,-27),(247,'2019-06-16 16:56:20',4,18),(247,'2019-06-16 16:56:20',5,-2024),(247,'2019-06-16 16:56:20',6,256),(247,'2019-06-16 16:56:20',7,17628),(248,'2019-06-16 16:57:39',8,481.7),(248,'2019-06-16 16:57:41',2,-69),(248,'2019-06-16 16:57:43',3,-22),(248,'2019-06-16 16:57:43',4,21),(248,'2019-06-16 16:57:43',5,-1568),(248,'2019-06-16 16:57:43',6,480),(248,'2019-06-16 16:57:43',7,17284),(248,'2019-06-16 16:57:43',1,23.1696),(248,'2019-06-16 16:57:43',2,-70),(248,'2019-06-16 16:57:43',3,-22),(248,'2019-06-16 16:57:43',4,20),(248,'2019-06-16 16:57:43',5,-1744),(248,'2019-06-16 16:57:43',6,400),(248,'2019-06-16 16:57:43',7,17168),(248,'2019-06-16 16:57:46',1,23.5093),(248,'2019-06-16 16:57:46',2,-70),(248,'2019-06-16 16:57:46',3,-22),(248,'2019-06-16 16:57:46',4,22),(248,'2019-06-16 16:57:46',5,-1772),(248,'2019-06-16 16:57:46',6,400),(248,'2019-06-16 16:57:46',7,17428);
/*!40000 ALTER TABLE `tb_registration_sensors` ENABLE KEYS */;
UNLOCK TABLES;

--
-- Table structure for table `tb_sensors`
--

DROP TABLE IF EXISTS `tb_sensors`;
/*!40101 SET @saved_cs_client     = @@character_set_client */;
/*!40101 SET character_set_client = utf8 */;
CREATE TABLE `tb_sensors` (
  `ID` int(11) NOT NULL AUTO_INCREMENT,
  `Name` varchar(31) DEFAULT NULL,
  PRIMARY KEY (`ID`)
) ENGINE=InnoDB AUTO_INCREMENT=9 DEFAULT CHARSET=utf8;
/*!40101 SET character_set_client = @saved_cs_client */;

--
-- Dumping data for table `tb_sensors`
--

LOCK TABLES `tb_sensors` WRITE;
/*!40000 ALTER TABLE `tb_sensors` DISABLE KEYS */;
INSERT INTO `tb_sensors` VALUES (1,'NTC'),(2,'Accelero_X'),(3,'Accelero_Y'),(4,'Accelero_Z'),(5,'Gyros_X'),(6,'Gyros_Y'),(7,'Gyros_Y'),(8,'Weight');
/*!40000 ALTER TABLE `tb_sensors` ENABLE KEYS */;
UNLOCK TABLES;

--
-- Table structure for table `tb_translation`
--

DROP TABLE IF EXISTS `tb_translation`;
/*!40101 SET @saved_cs_client     = @@character_set_client */;
/*!40101 SET character_set_client = utf8 */;
CREATE TABLE `tb_translation` (
  `tb_Words_ID` int(11) NOT NULL,
  `tb_Words_ID1` int(11) NOT NULL,
  PRIMARY KEY (`tb_Words_ID`,`tb_Words_ID1`),
  KEY `fk_tb_Words_has_tb_Words_tb_Words2_idx` (`tb_Words_ID1`),
  KEY `fk_tb_Words_has_tb_Words_tb_Words1_idx` (`tb_Words_ID`),
  CONSTRAINT `fk_tb_Words_has_tb_Words_tb_Words1` FOREIGN KEY (`tb_Words_ID`) REFERENCES `tb_words` (`ID`),
  CONSTRAINT `fk_tb_Words_has_tb_Words_tb_Words2` FOREIGN KEY (`tb_Words_ID1`) REFERENCES `tb_words` (`ID`)
) ENGINE=InnoDB DEFAULT CHARSET=utf8;
/*!40101 SET character_set_client = @saved_cs_client */;

--
-- Dumping data for table `tb_translation`
--

LOCK TABLES `tb_translation` WRITE;
/*!40000 ALTER TABLE `tb_translation` DISABLE KEYS */;
INSERT INTO `tb_translation` VALUES (1,2),(1,3),(4,5),(4,6),(7,8),(7,9),(10,11),(10,12),(13,14),(13,15),(16,17),(16,18),(19,20),(19,21),(22,23),(22,24),(25,26),(25,27),(28,29),(28,30),(31,32),(31,33),(34,35),(34,36),(37,38),(37,39),(40,41),(40,42),(43,44),(43,45),(46,46),(46,47),(48,49),(48,50),(51,51),(51,52),(53,54),(53,55),(56,57),(56,58),(59,60),(59,61),(62,11),(62,12),(63,64),(63,65),(66,66),(66,67),(66,68),(66,119),(69,70),(69,71),(72,73),(72,74),(75,76),(75,77),(78,78),(78,79),(80,81),(80,82),(83,84),(83,85),(86,87),(86,88),(89,90),(89,91),(92,93),(92,94),(95,96),(95,97),(98,99),(98,100),(101,102),(101,103),(104,105),(104,106),(107,108),(107,109),(110,111),(110,112),(113,114),(113,115),(116,117),(116,118),(120,121),(120,122),(123,124),(123,125),(126,127),(126,128),(129,130),(129,131),(132,133),(132,134),(135,136),(135,137),(138,138),(138,139),(140,141),(140,142),(143,144),(143,145);
/*!40000 ALTER TABLE `tb_translation` ENABLE KEYS */;
UNLOCK TABLES;

--
-- Table structure for table `tb_users`
--

DROP TABLE IF EXISTS `tb_users`;
/*!40101 SET @saved_cs_client     = @@character_set_client */;
/*!40101 SET character_set_client = utf8 */;
CREATE TABLE `tb_users` (
  `ID` int(11) NOT NULL AUTO_INCREMENT,
  `Username` varbinary(256) DEFAULT NULL,
  `Surname` varbinary(256) DEFAULT NULL,
  `Name` varbinary(256) DEFAULT NULL,
  `Mail` varbinary(256) DEFAULT NULL,
  `Password` binary(64) DEFAULT NULL,
  `Activated` tinyint(4) DEFAULT '0',
  `tb_Language_Language` char(2) DEFAULT NULL,
  PRIMARY KEY (`ID`),
  KEY `fk_tb_Users_tb_Language1_idx` (`tb_Language_Language`),
  KEY `i_tb_Users_Password` (`Password`),
  CONSTRAINT `fk_tb_Users_tb_Language1` FOREIGN KEY (`tb_Language_Language`) REFERENCES `tb_language` (`Language`)
) ENGINE=InnoDB AUTO_INCREMENT=63 DEFAULT CHARSET=utf8;
/*!40101 SET character_set_client = @saved_cs_client */;

--
-- Dumping data for table `tb_users`
--

LOCK TABLES `tb_users` WRITE;
/*!40000 ALTER TABLE `tb_users` DISABLE KEYS */;
INSERT INTO `tb_users` VALUES (2,NULL,NULL,NULL,NULL,'df8ea2818367b8f0b1fc118c508b70eb79388cb480a198a9a755be8aaf5d6d26',1,NULL),(58,'166A9/bSAH2HuutrgUjCuFlIXxNl/1g3TzoTNlBuUXE=','U7PZUT5qcVLOr4jlJVr3tllIXxNl/1g3TzoTNlBuUXE=','le1/tUqZE4jPBLoiqPdfT1lIXxNl/1g3TzoTNlBuUXE=','SF7s+tyX03jL4ZNn8dMhjoLXiajSEEMAoq2g1xXS3VU=','97dee97560699a639f3cf55c464855eefe97ae97493b242fe01ecdbab39ea463',1,'nl'),(62,'JjqlBL07o24d6so17nv8hFlIXxNl/1g3TzoTNlBuUXE=',NULL,NULL,'j30dppHJVEly3OmAcdI5WFqG1/gWx4kx8lXtdf8b1cmUvmkF5eHb3Y03gnF94rAfWUhfE2X/WDdPOhM2UG5RcQ==','8f74093c92fcf713f06d0f0a3d439e0146c29eeb1d93c44f2ac4b551bdba1fb3',0,NULL);
/*!40000 ALTER TABLE `tb_users` ENABLE KEYS */;
UNLOCK TABLES;

--
-- Table structure for table `tb_words`
--

DROP TABLE IF EXISTS `tb_words`;
/*!40101 SET @saved_cs_client     = @@character_set_client */;
/*!40101 SET character_set_client = utf8 */;
CREATE TABLE `tb_words` (
  `ID` int(11) NOT NULL AUTO_INCREMENT,
  `Word` varchar(321) DEFAULT NULL,
  `tb_Language_Language` char(2) DEFAULT NULL,
  PRIMARY KEY (`ID`),
  KEY `fk_tb_Words_tb_Language_idx` (`tb_Language_Language`),
  KEY `fk_tb_Words_Word` (`Word`(255)),
  KEY `i_tb_Words_Word` (`Word`(255)),
  CONSTRAINT `fk_tb_Words_tb_Language` FOREIGN KEY (`tb_Language_Language`) REFERENCES `tb_language` (`Language`)
) ENGINE=InnoDB AUTO_INCREMENT=146 DEFAULT CHARSET=utf8;
/*!40101 SET character_set_client = @saved_cs_client */;

--
-- Dumping data for table `tb_words`
--

LOCK TABLES `tb_words` WRITE;
/*!40000 ALTER TABLE `tb_words` DISABLE KEYS */;
INSERT INTO `tb_words` VALUES (1,'This e-mail address exists already','en'),(2,'Dit mailadres bestaat al','nl'),(3,'Cette adresse email existe déjà','fr'),(4,'This is not a valid email address','en'),(5,'Dit is geen geldig mailadres','nl'),(6,'Ce n\'est pas une adresse email valide','fr'),(7,'This username does not exist','en'),(8,'Deze gebruikersnaam bestaat niet','nl'),(9,'Ce nom d\'utilisateur n\'existe pas','fr'),(10,'Please fill in all the fields','en'),(11,'Gelieve alle velden in te vullen','nl'),(12,'Veuillez remplir tous les champs','fr'),(13,'Your account has not been activated yet','en'),(14,'Uw account is nog niet geactiveerd','nl'),(15,'Votre profil n\'est pas encore activé','fr'),(16,'Username and/or pasword invalid','en'),(17,'Uw gebruikersnaam en of wachtwoord komen niet overeen','nl'),(18,'Votre nom d\'utilisateur ou votre mot de passe ne correspondent pas','fr'),(19,'This username already exists','en'),(20,'Deze gebruikersnaam bestaat al','nl'),(21,'Ce nom d\'utilisateur existe déjà','fr'),(22,'This is an invalid account','en'),(23,'Dit is een ongeldig account','nl'),(24,'Ce compte n\'est pas valide','fr'),(25,'The data has been changed','en'),(26,'De gegevens zijn gewijzigd','nl'),(27,'Les données sont modifiées.','fr'),(28,'The current password is not correct','en'),(29,'Het huidige wachtwoord is niet juist','nl'),(30,'Le mot de passe actuel n\'est pas correct','fr'),(31,'Both new passwords do not match','en'),(32,'Beide nieuwe wachtwoorden komen niet overeen','nl'),(33,'Les deux nouveaux mots de passe ne correspondent pas','fr'),(34,'We do not support this language','en'),(35,'Wij ondersteunen deze taal niet','nl'),(36,'Nous ne supportons pas ce langage','fr'),(37,'The new user will soon receive an e-mail with the data that he can use to login','en'),(38,'De nieuwe gebruiker ontvangt zo dadelijk een mail met daarin de gegevens waarmee hij kan aanmelden','nl'),(39,'Le nouvel utilisateur recevra immédiatement un e-mail avec les données avec lesquelles il peut s\'inscrire','fr'),(40,'You will soon receive an email with the new password','en'),(41,'Je ontvangt zo dadelijk een mail met daarin het nieuwe wachtwoord','nl'),(42,'Vous recevrez bientôt un email avec le nouveau mot de passe','fr'),(43,'This e-mail address does not appear in our database','en'),(44,'Dit mailadres komt niet voor in onze databank','nl'),(45,'Cette adresse e-mail n\'apparaît pas dans notre base de données','fr'),(46,'Temperature','en'),(47,'Temperatuur','nl'),(48,'Desired temperature','en'),(49,'Gewenste temperatuur','nl'),(50,'Température souhaitée','fr'),(51,'Start','en'),(52,'Commencer','fr'),(53,'Settings','en'),(54,'Instellingen','nl'),(55,'Paramètres','fr'),(56,'The temperature must be between 1°C and 63°C','en'),(57,'De temperatuur moet tussen de 1°C en de 63°C liggen','nl'),(58,'La température doit être comprise entre 1°C et 63°C.','fr'),(59,'Sorry, we haven\'t been able to set the temperature','en'),(60,'Sorry, we hebben de temperatuur niet kunnen instellen','nl'),(61,'Désolé, nous n\'avons pas pu régler la température','fr'),(62,'Please fill in all fields','en'),(63,'The board has stopped','en'),(64,'Het bord is gestopt','nl'),(65,'Le conseil s\'est arrêté','fr'),(66,'Data','en'),(67,'Gegevens','nl'),(68,'Données','fr'),(69,'Username','en'),(70,'Gebruikersnaam','nl'),(71,'Nom d\'utilisateur','fr'),(72,'First name','en'),(73,'Voornaam','nl'),(74,'Prénom','fr'),(75,'Name','en'),(76,'Naam','nl'),(77,'Nom','fr'),(78,'Mail','en'),(79,'courriel','fr'),(80,'Password','en'),(81,'Wachtwoord','nl'),(82,'Mot de passe','fr'),(83,'Current password','en'),(84,'Huidig wachtwoord','nl'),(85,'Mot de passe actuel','fr'),(86,'New password','en'),(87,'Nieuw wachtwoord','nl'),(88,'Nouveau mot de passe','fr'),(89,'Confirm new password','en'),(90,'Nieuw wachtwoord bevestigen','nl'),(91,'Confirmer le nouveau mot de passe','fr'),(92,'Language','en'),(93,'Taal','nl'),(94,'Langue','fr'),(95,'Add new user','en'),(96,'Nieuwe gebruiker toevoegen','nl'),(97,'Ajouter un nouvel utilisateur','fr'),(98,'email address','en'),(99,'mailadres','nl'),(100,'adresse électronique','fr'),(101,'Sign in','en'),(102,'Aanmelden','nl'),(103,'s\'inscrire','fr'),(104,'Don\'t let your food get cold','en'),(105,'Laat je eten niet koud worden','nl'),(106,'Ne laissez pas vos aliments refroidir','fr'),(107,'Purpose','en'),(108,'Doel','nl'),(109,'Objet','fr'),(110,'This plate makes sure that your food doesn\'t get cold when you\'re eating','en'),(111,'Dit bord zorgt ervoor dat eten niet meer koud wordt wanneer je aan het eten bent','nl'),(112,'Cette assiette veille à ce que les aliments ne refroidissent pas lorsque vous mangez','fr'),(113,'Safety','en'),(114,'Veiligheid','nl'),(115,'Sécurité','fr'),(116,'The gyrosscope sensor detects when you are tilting your board','en'),(117,'De gyrosscope sensor detecteert wanneer je je bord schuin houdt','nl'),(118,'Le capteur gyroscopique détecte lorsque vous inclinez votre assiette.','fr'),(119,'Les données','fr'),(120,'All your data is encrypted and stored in a database','en'),(121,'Al jouw data wordt geëncrypteerd bijgehouden in een databank','nl'),(122,'Toutes vos données sont cryptées et stockées dans une base de données','fr'),(123,'Forgot Password','en'),(124,'Wachtwoord vergeten','nl'),(125,'Mot de passe oublié','fr'),(126,'Change','en'),(127,'Wijzigen','nl'),(128,'Modifier','fr'),(129,'Logout','en'),(130,'Afmelden','nl'),(131,'Se désabonner','fr'),(132,'Shut down','en'),(133,'Afsluiten','nl'),(134,'Exit','fr'),(135,'Add','en'),(136,'Toevoegen','nl'),(137,'Ajouter','fr'),(138,'Stop','en'),(139,'Arrêter','fr'),(140,'Temperature - Time','en'),(141,'Temperatuur - Tijd','nl'),(142,'Température - Temps','fr'),(143,'Time','en'),(144,'Tijd','nl'),(145,'Temps','fr');
/*!40000 ALTER TABLE `tb_words` ENABLE KEYS */;
UNLOCK TABLES;
/*!40103 SET TIME_ZONE=@OLD_TIME_ZONE */;

/*!40101 SET SQL_MODE=@OLD_SQL_MODE */;
/*!40014 SET FOREIGN_KEY_CHECKS=@OLD_FOREIGN_KEY_CHECKS */;
/*!40014 SET UNIQUE_CHECKS=@OLD_UNIQUE_CHECKS */;
/*!40101 SET CHARACTER_SET_CLIENT=@OLD_CHARACTER_SET_CLIENT */;
/*!40101 SET CHARACTER_SET_RESULTS=@OLD_CHARACTER_SET_RESULTS */;
/*!40101 SET COLLATION_CONNECTION=@OLD_COLLATION_CONNECTION */;
/*!40111 SET SQL_NOTES=@OLD_SQL_NOTES */;

-- Dump completed on 2019-06-16 19:49:04
